"","X","Row","Column","Mother","F2_ID","Line","Total_seed","Germ","Percent_germ","Temp","MGT","Block","Germbin","cTemp","cTemp2"
"1",1,"A",1,"F1.116","F2.233",233,20,0,0,9.2,NA,1,0,-1.807190749,3.265938405
"2",2,"B",1,"F1.130","F2.217",217,20,0,0,9.2,NA,1,0,-1.807190749,3.265938405
"3",3,"C",1,"F1.129","F2.248",248,21,0,0,9.2,NA,1,0,-1.807190749,3.265938405
"4",5,"E",1,"F1.138","F2.241",241,20,0,0,9.2,NA,1,0,-1.807190749,3.265938405
"5",7,"G",1,"F1.119","F2.225",225,20,0,0,9.2,NA,1,0,-1.807190749,3.265938405
"6",10,"J",1,"F1.137","F2.239",239,20,0,0,9.2,NA,1,0,-1.807190749,3.265938405
"7",11,"K",1,"F1.107","F2.213",213,20,0,0,9.2,NA,1,0,-1.807190749,3.265938405
"8",14,"B",2,"F1.138","F2.241",241,19,0,0,11.7,NA,1,0,-1.435177435,2.05973427
"9",16,"D",2,"F1.119","F2.225",225,21,1,4.761904762,11.7,32,1,0.047619048,-1.435177435,2.05973427
"10",17,"E",2,"F1.130","F2.217",217,19,0,0,11.7,NA,1,0,-1.435177435,2.05973427
"11",20,"H",2,"F1.129","F2.248",248,20,0,0,11.7,NA,1,0,-1.435177435,2.05973427
"12",22,"J",2,"F1.107","F2.213",213,20,0,0,11.7,NA,1,0,-1.435177435,2.05973427
"13",23,"K",2,"F1.137","F2.239",239,20,0,0,11.7,NA,1,0,-1.435177435,2.05973427
"14",24,"L",2,"F1.116","F2.233",233,20,0,0,11.7,NA,1,0,-1.435177435,2.05973427
"15",25,"A",3,"F1.137","F2.239",239,20,0,0,13.9,NA,1,0,-1.107805718,1.227233509
"16",29,"E",3,"F1.129","F2.248",248,21,0,0,13.9,NA,1,0,-1.107805718,1.227233509
"17",32,"H",3,"F1.119","F2.225",225,20,0,0,13.9,NA,1,0,-1.107805718,1.227233509
"18",33,"I",3,"F1.116","F2.233",233,20,0,0,13.9,NA,1,0,-1.107805718,1.227233509
"19",34,"J",3,"F1.138","F2.241",241,20,0,0,13.9,NA,1,0,-1.107805718,1.227233509
"20",35,"K",3,"F1.130","F2.217",217,19,0,0,13.9,NA,1,0,-1.107805718,1.227233509
"21",36,"L",3,"F1.107","F2.213",213,20,0,0,13.9,NA,1,0,-1.107805718,1.227233509
"22",38,"B",4,"F1.137","F2.239",239,20,0,0,15.8,NA,1,0,-0.825075599,0.680749744
"23",39,"C",4,"F1.130","F2.217",217,20,0,0,15.8,NA,1,0,-0.825075599,0.680749744
"24",41,"E",4,"F1.107","F2.213",213,20,0,0,15.8,NA,1,0,-0.825075599,0.680749744
"25",42,"F",4,"F1.119","F2.225",225,19,0,0,15.8,NA,1,0,-0.825075599,0.680749744
"26",43,"G",4,"F1.129","F2.248",248,21,0,0,15.8,NA,1,0,-0.825075599,0.680749744
"27",44,"H",4,"F1.138","F2.241",241,22,0,0,15.8,NA,1,0,-0.825075599,0.680749744
"28",47,"K",4,"F1.116","F2.233",233,21,0,0,15.8,NA,1,0,-0.825075599,0.680749744
"29",49,"A",5,"F1.130","F2.217",217,20,0,0,18,NA,1,0,-0.497703882,0.247709155
"30",52,"D",5,"F1.116","F2.233",233,20,4,20,18,10,1,0.2,-0.497703882,0.247709155
"31",53,"E",5,"F1.119","F2.225",225,21,1,4.761904762,18,13,1,0.047619048,-0.497703882,0.247709155
"32",54,"F",5,"F1.137","F2.239",239,20,2,10,18,14,1,0.1,-0.497703882,0.247709155
"33",57,"I",5,"F1.107","F2.213",213,19,10,52.63157895,18,11.6,1,0.52631579,-0.497703882,0.247709155
"34",59,"K",5,"F1.129","F2.248",248,19,0,0,18,NA,1,0,-0.497703882,0.247709155
"35",60,"L",5,"F1.138","F2.241",241,19,1,5.263157895,18,18,1,0.052631579,-0.497703882,0.247709155
"36",61,"A",6,"F1.119","F2.225",225,21,7,33.33333333,20.3,10,1,0.333333333,-0.155451633,0.02416521
"37",63,"C",6,"F1.137","F2.239",239,21,6,28.57142857,20.3,12.66666667,1,0.285714286,-0.155451633,0.02416521
"38",64,"D",6,"F1.138","F2.241",241,20,5,25,20.3,10,1,0.25,-0.155451633,0.02416521
"39",65,"E",6,"F1.116","F2.233",233,20,19,95,20.3,8.263157895,1,0.95,-0.155451633,0.02416521
"40",66,"F",6,"F1.129","F2.248",248,21,2,9.523809524,20.3,21.5,1,0.095238095,-0.155451633,0.02416521
"41",67,"G",6,"F1.130","F2.217",217,20,5,25,20.3,12.2,1,0.25,-0.155451633,0.02416521
"42",68,"H",6,"F1.107","F2.213",213,19,11,57.89473684,20.3,10,1,0.578947368,-0.155451633,0.02416521
"43",74,"B",7,"F1.116","F2.233",233,19,19,100,22.5,7,1,1,0.171920084,0.029556515
"44",75,"C",7,"F1.107","F2.213",213,22,11,50,22.5,10.18181818,1,0.5,0.171920084,0.029556515
"45",76,"D",7,"F1.130","F2.217",217,21,5,23.80952381,22.5,19.6,1,0.238095238,0.171920084,0.029556515
"46",79,"G",7,"F1.138","F2.241",241,20,7,35,22.5,11,1,0.35,0.171920084,0.029556515
"47",80,"H",7,"F1.137","F2.239",239,20,14,70,22.5,9.214285714,1,0.7,0.171920084,0.029556515
"48",81,"I",7,"F1.129","F2.248",248,21,7,33.33333333,22.5,30,1,0.333333333,0.171920084,0.029556515
"49",84,"L",7,"F1.119","F2.225",225,20,12,60,22.5,9.5,1,0.6,0.171920084,0.029556515
"50",86,"B",8,"F1.107","F2.213",213,20,18,90,24.6,7.833333333,1,0.9,0.484411268,0.234654276
"51",87,"C",8,"F1.138","F2.241",241,20,2,10,24.6,25,1,0.1,0.484411268,0.234654276
"52",88,"D",8,"F1.129","F2.248",248,21,3,19.04761905,24.6,22.75,1,0.190476191,0.484411268,0.234654276
"53",89,"E",8,"F1.137","F2.239",239,20,14,70,24.6,23.07142857,1,0.7,0.484411268,0.234654276
"54",92,"H",8,"F1.130","F2.217",217,20,7,35,24.6,14.14285714,1,0.35,0.484411268,0.234654276
"55",93,"I",8,"F1.119","F2.225",225,20,11,55,24.6,8.636363636,1,0.55,0.484411268,0.234654276
"56",94,"J",8,"F1.116","F2.233",233,19,19,100,24.6,7.315789474,1,1,0.484411268,0.234654276
"57",97,"A",9,"F1.107","F2.213",213,20,0,0,27,NA,1,0,0.84154405,0.708196388
"58",98,"B",9,"F1.129","F2.248",248,20,0,0,27,NA,1,0,0.84154405,0.708196388
"59",99,"C",9,"F1.119","F2.225",225,19,1,5.263157895,27,25,1,0.052631579,0.84154405,0.708196388
"60",102,"F",9,"F1.116","F2.233",233,19,19,100,27,11.42105263,1,1,0.84154405,0.708196388
"61",106,"J",9,"F1.130","F2.217",217,20,4,20,27,14,1,0.2,0.84154405,0.708196388
"62",107,"K",9,"F1.138","F2.241",241,21,0,4.761904762,27,60,1,0.047619048,0.84154405,0.708196388
"63",108,"L",9,"F1.137","F2.239",239,20,15,75,27,18,1,0.75,0.84154405,0.708196388
"64",109,"A",10,"F1.129","F2.248",248,21,0,0,29.2,NA,1,0,1.168915767,1.366364069
"65",112,"D",10,"F1.107","F2.213",213,20,0,0,29.2,NA,1,0,1.168915767,1.366364069
"66",114,"F",10,"F1.130","F2.217",217,19,0,5.263157895,29.2,46,1,0.052631579,1.168915767,1.366364069
"67",115,"G",10,"F1.137","F2.239",239,20,9,45,29.2,21.11111111,1,0.45,1.168915767,1.366364069
"68",116,"H",10,"F1.116","F2.233",233,21,15,71.42857143,29.2,21.66666667,1,0.714285714,1.168915767,1.366364069
"69",117,"I",10,"F1.138","F2.241",241,22,1,9.090909091,29.2,46,1,0.090909091,1.168915767,1.366364069
"70",119,"K",10,"F1.119","F2.225",225,21,0,0,29.2,NA,1,0,1.168915767,1.366364069
"71",121,"A",11,"F1.138","F2.241",241,20,0,0,31.4,NA,1,0,1.496287483,2.238876233
"72",122,"B",11,"F1.119","F2.225",225,19,0,0,31.4,NA,1,0,1.496287483,2.238876233
"73",126,"F",11,"F1.107","F2.213",213,20,0,0,31.4,NA,1,0,1.496287483,2.238876233
"74",127,"G",11,"F1.116","F2.233",233,20,1,5,31.4,60,1,0.05,1.496287483,2.238876233
"75",129,"I",11,"F1.137","F2.239",239,20,0,0,31.4,NA,1,0,1.496287483,2.238876233
"76",130,"J",11,"F1.129","F2.248",248,19,0,0,31.4,NA,1,0,1.496287483,2.238876233
"77",132,"L",11,"F1.130","F2.217",217,19,0,0,31.4,NA,1,0,1.496287483,2.238876233
"78",135,"C",12,"F1.116","F2.233",233,20,0,0,34.2,NA,1,0,1.912942396,3.659348609
"79",136,"D",12,"F1.137","F2.239",239,20,0,0,34.2,NA,1,0,1.912942396,3.659348609
"80",138,"F",12,"F1.138","F2.241",241,18,0,0,34.2,NA,1,0,1.912942396,3.659348609
"81",139,"G",12,"F1.107","F2.213",213,20,0,0,34.2,NA,1,0,1.912942396,3.659348609
"82",141,"I",12,"F1.130","F2.217",217,17,0,0,34.2,NA,1,0,1.912942396,3.659348609
"83",142,"J",12,"F1.119","F2.225",225,20,0,0,34.2,NA,1,0,1.912942396,3.659348609
"84",144,"L",12,"F1.129","F2.248",248,21,0,0,34.2,NA,1,0,1.912942396,3.659348609
"85",145,"A",1,"F1.117","F2.223",223,20,0,0,10,NA,2,0,-1.688146489,2.849838567
"86",146,"B",1,"F1.120","F2.216",216,20,0,0,10,NA,2,0,-1.688146489,2.849838567
"87",148,"D",1,"F1.121","F2.246",246,20,0,0,10,NA,2,0,-1.688146489,2.849838567
"88",149,"E",1,"F1.133","F2.242",242,20,0,0,10,NA,2,0,-1.688146489,2.849838567
"89",150,"F",1,"F1.129","F2.227",227,20,0,0,10,NA,2,0,-1.688146489,2.849838567
"90",151,"G",1,"F1.125","F2.231",231,21,0,0,10,NA,2,0,-1.688146489,2.849838567
"91",152,"H",1,"F1.141","F2.240",240,20,0,0,10,NA,2,0,-1.688146489,2.849838567
"92",155,"K",1,"F1.144","F2.212",212,20,0,0,10,NA,2,0,-1.688146489,2.849838567
"93",156,"L",1,"F1.104","F2.234",234,21,0,0,10,NA,2,0,-1.688146489,2.849838567
"94",157,"A",2,"F1.104","F2.234",234,22,0,0,12.5,NA,2,0,-1.316133174,1.732206532
"95",158,"B",2,"F1.129","F2.227",227,20,1,5,12.5,11,2,0.05,-1.316133174,1.732206532
"96",159,"C",2,"F1.125","F2.231",231,20,0,0,12.5,NA,2,0,-1.316133174,1.732206532
"97",160,"D",2,"F1.144","F2.212",212,20,0,0,12.5,NA,2,0,-1.316133174,1.732206532
"98",162,"F",2,"F1.141","F2.240",240,21,0,0,12.5,NA,2,0,-1.316133174,1.732206532
"99",163,"G",2,"F1.133","F2.242",242,19,0,0,12.5,NA,2,0,-1.316133174,1.732206532
"100",165,"I",2,"F1.120","F2.216",216,19,0,0,12.5,NA,2,0,-1.316133174,1.732206532
"101",167,"K",2,"F1.117","F2.223",223,20,0,0,12.5,NA,2,0,-1.316133174,1.732206532
"102",168,"L",2,"F1.121","F2.246",246,19,0,0,12.5,NA,2,0,-1.316133174,1.732206532
"103",169,"A",3,"F1.133","F2.242",242,20,0,0,14.5,NA,2,0,-1.018522523,1.037388129
"104",170,"B",3,"F1.104","F2.234",234,20,0,0,14.5,NA,2,0,-1.018522523,1.037388129
"105",171,"C",3,"F1.141","F2.240",240,22,1,4.545454545,14.5,18,2,0.045454545,-1.018522523,1.037388129
"106",173,"E",3,"F1.120","F2.216",216,21,0,0,14.5,NA,2,0,-1.018522523,1.037388129
"107",174,"F",3,"F1.121","F2.246",246,20,1,5,14.5,22,2,0.05,-1.018522523,1.037388129
"108",176,"H",3,"F1.144","F2.212",212,20,0,0,14.5,NA,2,0,-1.018522523,1.037388129
"109",177,"I",3,"F1.117","F2.223",223,21,0,0,14.5,NA,2,0,-1.018522523,1.037388129
"110",178,"J",3,"F1.129","F2.227",227,21,0,0,14.5,NA,2,0,-1.018522523,1.037388129
"111",179,"K",3,"F1.104","F2.231",231,20,0,0,14.5,NA,2,0,-1.018522523,1.037388129
"112",181,"A",4,"F1.125","F2.231",231,20,0,0,16.8,NA,2,0,-0.676270273,0.457341483
"113",182,"B",4,"F1.117","F2.223",223,21,1,4.761904762,16.8,11,2,0.047619048,-0.676270273,0.457341483
"114",183,"C",4,"F1.129","F2.227",227,21,2,9.523809524,16.8,7,2,0.095238095,-0.676270273,0.457341483
"115",186,"F",4,"F1.104","F2.234",234,20,1,5,16.8,7,2,0.05,-0.676270273,0.457341483
"116",187,"G",4,"F1.141","F2.240",240,20,1,5,16.8,7,2,0.05,-0.676270273,0.457341483
"117",188,"H",4,"F1.121","F2.246",246,21,0,0,16.8,NA,2,0,-0.676270273,0.457341483
"118",189,"I",4,"F1.144","F2.212",212,21,1,4.761904762,16.8,7,2,0.047619048,-0.676270273,0.457341483
"119",190,"J",4,"F1.120","F2.216",216,20,0,0,16.8,NA,2,0,-0.676270273,0.457341483
"120",192,"L",4,"F1.133","F2.242",242,20,1,5,16.8,7,2,0.05,-0.676270273,0.457341483
"121",193,"A",5,"F1.144","F2.212",212,21,6,28.57142857,19.1,10.33333333,2,0.285714286,-0.334018024,0.11156804
"122",196,"D",5,"F1.104","F2.234",234,19,14,73.68421053,19.1,8.642857143,2,0.736842105,-0.334018024,0.11156804
"123",197,"E",5,"F1.125","F2.231",231,19,1,5.263157895,19.1,11,2,0.052631579,-0.334018024,0.11156804
"124",198,"F",5,"F1.120","F2.216",216,19,4,21.05263158,19.1,14.5,2,0.210526316,-0.334018024,0.11156804
"125",200,"H",5,"F1.129","F2.227",227,20,6,30,19.1,10.33333333,2,0.3,-0.334018024,0.11156804
"126",201,"I",5,"F1.141","F2.240",240,20,4,20,19.1,10,2,0.2,-0.334018024,0.11156804
"127",202,"J",5,"F1.133","F2.242",242,20,9,45,19.1,11,2,0.45,-0.334018024,0.11156804
"128",203,"K",5,"F1.121","F2.246",246,21,0,0,19.1,NA,2,0,-0.334018024,0.11156804
"129",204,"L",5,"F1.117","F2.223",223,21,0,0,19.1,NA,2,0,-0.334018024,0.11156804
"130",205,"A",6,"F1.141","F2.240",240,20,0,0,21.6,NA,2,0,0.037995291,0.001443642
"131",206,"B",6,"F1.125","F2.231",231,20,4,20,21.6,15.5,2,0.2,0.037995291,0.001443642
"132",207,"C",6,"F1.104","F2.234",234,22,21,95.45454545,21.6,10.23809524,2,0.954545455,0.037995291,0.001443642
"133",208,"D",6,"F1.120","F2.216",216,20,9,45,21.6,14.55555556,2,0.45,0.037995291,0.001443642
"134",209,"E",6,"F1.144","F2.212",212,21,16,76.19047619,21.6,8.6875,2,0.761904762,0.037995291,0.001443642
"135",210,"F",6,"F1.133","F2.242",242,20,13,65,21.6,10.30769231,2,0.65,0.037995291,0.001443642
"136",211,"G",6,"F1.121","F2.246",246,20,0,0,21.6,NA,2,0,0.037995291,0.001443642
"137",214,"J",6,"F1.117","F2.223",223,20,2,10,21.6,14.5,2,0.1,0.037995291,0.001443642
"138",215,"K",6,"F1.129","F2.227",227,20,7,35,21.6,11.85714286,2,0.35,0.037995291,0.001443642
"139",217,"A",7,"F1.129","F2.227",227,21,9,42.85714286,23.8,11.33333333,2,0.428571429,0.365367007,0.13349305
"140",219,"C",7,"F1.117","F2.223",223,20,3,15,23.8,11,2,0.15,0.365367007,0.13349305
"141",221,"E",7,"F1.121","F2.246",246,19,8,42.10526316,23.8,10.875,2,0.421052632,0.365367007,0.13349305
"142",222,"F",7,"F1.125","F2.231",231,19,6,31.57894737,23.8,18.16666667,2,0.315789474,0.365367007,0.13349305
"143",223,"G",7,"F1.104","F2.234",234,20,20,100,23.8,9.65,2,1,0.365367007,0.13349305
"144",224,"H",7,"F1.133","F2.242",242,21,6,28.57142857,23.8,13.33333333,2,0.285714286,0.365367007,0.13349305
"145",226,"J",7,"F1.144","F2.212",212,21,17,80.95238095,23.8,9.058823529,2,0.80952381,0.365367007,0.13349305
"146",227,"K",7,"F1.120","F2.216",216,20,10,50,23.8,11.9,2,0.5,0.365367007,0.13349305
"147",228,"L",7,"F1.141","F2.240",240,20,11,55,23.8,8.727272727,2,0.55,0.365367007,0.13349305
"148",230,"B",8,"F1.133","F2.242",242,22,5,22.72727273,25.8,19.8,2,0.227272727,0.662977659,0.439539376
"149",231,"C",8,"F1.121","F2.246",246,20,2,10,25.8,11,2,0.1,0.662977659,0.439539376
"150",232,"D",8,"F1.129","F2.227",227,21,14,66.66666667,25.8,12.42857143,2,0.666666667,0.662977659,0.439539376
"151",233,"E",8,"F1.117","F2.223",223,20,5,25,25.8,13.2,2,0.25,0.662977659,0.439539376
"152",235,"G",8,"F1.144","F2.212",212,20,11,55,25.8,8,2,0.55,0.662977659,0.439539376
"153",237,"I",8,"F1.125","F2.231",231,19,9,47.36842105,25.8,11,2,0.473684211,0.662977659,0.439539376
"154",238,"J",8,"F1.104","F2.234",234,19,14,73.68421053,25.8,15.5,2,0.736842105,0.662977659,0.439539376
"155",239,"K",8,"F1.141","F2.240",240,22,13,59.09090909,25.8,9.538461538,2,0.590909091,0.662977659,0.439539376
"156",240,"L",8,"F1.120","F2.216",216,20,16,80,25.8,7.75,2,0.8,0.662977659,0.439539376
"157",241,"A",9,"F1.120","F2.216",216,20,4,20,27.6,20,2,0.2,0.930827245,0.866439361
"158",243,"C",9,"F1.144","F2.212",212,20,14,70,27.6,10,2,0.7,0.930827245,0.866439361
"159",244,"D",9,"F1.141","F2.240",240,20,15,75,27.6,8.8,2,0.75,0.930827245,0.866439361
"160",245,"E",9,"F1.104","F2.234",234,21,15,71.42857143,27.6,20,2,0.714285714,0.930827245,0.866439361
"161",247,"G",9,"F1.117","F2.223",223,21,4,19.04761905,27.6,14.5,2,0.190476191,0.930827245,0.866439361
"162",248,"H",9,"F1.125","F2.231",231,21,1,4.761904762,27.6,18,2,0.047619048,0.930827245,0.866439361
"163",249,"I",9,"F1.133","F2.242",242,20,5,25,27.6,16.8,2,0.25,0.930827245,0.866439361
"164",250,"J",9,"F1.121","F2.246",246,21,1,4.761904762,27.6,18,2,0.047619048,0.930827245,0.866439361
"165",252,"L",9,"F1.129","F2.227",227,20,7,35,27.6,11.28571429,2,0.35,0.930827245,0.866439361
"166",254,"B",10,"F1.144","F2.212",212,20,0,0,29.1,NA,2,0,1.154035234,1.331797321
"167",255,"C",10,"F1.120","F2.216",216,20,0,0,29.1,NA,2,0,1.154035234,1.331797321
"168",256,"D",10,"F1.133","F2.242",242,20,0,0,29.1,NA,2,0,1.154035234,1.331797321
"169",257,"E",10,"F1.141","F2.240",240,20,3,15,29.1,12,2,0.15,1.154035234,1.331797321
"170",258,"F",10,"F1.117","F2.223",223,20,0,0,29.1,NA,2,0,1.154035234,1.331797321
"171",259,"G",10,"F1.129","F2.227",227,20,3,15,29.1,11,2,0.15,1.154035234,1.331797321
"172",260,"H",10,"F1.104","F2.234",234,20,0,0,29.1,NA,2,0,1.154035234,1.331797321
"173",261,"I",10,"F1.121","F2.246",246,20,0,0,29.1,NA,2,0,1.154035234,1.331797321
"174",264,"L",10,"F1.125","F2.231",231,21,0,0,29.1,NA,2,0,1.154035234,1.331797321
"175",266,"B",11,"F1.121","F2.246",246,21,0,0,30.6,NA,2,0,1.377243223,1.896798894
"176",268,"D",11,"F1.125","F2.231",231,20,0,0,30.6,NA,2,0,1.377243223,1.896798894
"177",269,"E",11,"F1.129","F2.227",227,20,0,0,30.6,NA,2,0,1.377243223,1.896798894
"178",270,"F",11,"F1.144","F2.212",212,19,0,0,30.6,NA,2,0,1.377243223,1.896798894
"179",271,"G",11,"F1.120","F2.216",216,20,0,0,30.6,NA,2,0,1.377243223,1.896798894
"180",272,"H",11,"F1.117","F2.223",223,20,0,0,30.6,NA,2,0,1.377243223,1.896798894
"181",273,"I",11,"F1.104","F2.234",234,19,0,0,30.6,NA,2,0,1.377243223,1.896798894
"182",274,"J",11,"F1.141","F2.240",240,20,0,0,30.6,NA,2,0,1.377243223,1.896798894
"183",275,"K",11,"F1.133","F2.242",242,20,0,0,30.6,NA,2,0,1.377243223,1.896798894
"184",277,"A",12,"F1.121","F2.246",246,19,0,0,33.9,NA,2,0,1.868300798,3.490547871
"185",278,"B",12,"F1.141","F2.240",240,20,0,0,33.9,NA,2,0,1.868300798,3.490547871
"186",279,"C",12,"F1.133","F2.242",242,20,0,0,33.9,NA,2,0,1.868300798,3.490547871
"187",280,"D",12,"F1.117","F2.223",223,21,0,0,33.9,NA,2,0,1.868300798,3.490547871
"188",284,"H",12,"F1.120","F2.216",216,21,0,0,33.9,NA,2,0,1.868300798,3.490547871
"189",285,"I",12,"F1.129","F2.227",227,22,0,0,33.9,NA,2,0,1.868300798,3.490547871
"190",286,"J",12,"F1.125","F2.231",231,20,0,0,33.9,NA,2,0,1.868300798,3.490547871
"191",287,"K",12,"F1.104","F2.234",234,20,0,0,33.9,NA,2,0,1.868300798,3.490547871
"192",288,"L",12,"F1.144","F2.212",212,20,0,0,33.9,NA,2,0,1.868300798,3.490547871
"193",289,"A",1,"F1.135","F2.228",228,15,1,6.666666667,12.4,25,3,0.066666667,-1.331013707,1.771597488
"194",290,"B",1,"F1.149","F2.222",222,13,0,0,12.4,48,3,0,-1.331013707,1.771597488
"195",291,"C",1,"F1.148","F2.202",202,21,0,0,12.4,NA,3,0,-1.331013707,1.771597488
"196",292,"D",1,"F1.150","F2.243",243,21,0,0,12.4,NA,3,0,-1.331013707,1.771597488
"197",294,"F",1,"F1.128","F2.235",235,21,0,0,12.4,NA,3,0,-1.331013707,1.771597488
"198",296,"H",1,"F1.128","F2.214",214,20,0,0,12.4,NA,3,0,-1.331013707,1.771597488
"199",298,"J",1,"F1.127","F2.218",218,20,0,0,12.4,NA,3,0,-1.331013707,1.771597488
"200",299,"K",1,"F1.123","F2.267",267,20,0,0,12.4,NA,3,0,-1.331013707,1.771597488
"201",300,"L",1,"F1.151","F2.259",259,18,0,0,12.4,NA,3,0,-1.331013707,1.771597488
"202",301,"A",2,"F1.128","F2.235",235,20,0,0,14.3,NA,3,0,-1.048283588,1.09889848
"203",303,"C",2,"F1.123","F2.267",267,20,0,0,14.3,NA,3,0,-1.048283588,1.09889848
"204",304,"D",2,"F1.148","F2.202",202,20,0,0,14.3,NA,3,0,-1.048283588,1.09889848
"205",305,"E",2,"F1.128","F2.214",214,21,0,0,14.3,NA,3,0,-1.048283588,1.09889848
"206",306,"F",2,"F1.150","F2.243",243,22,0,0,14.3,NA,3,0,-1.048283588,1.09889848
"207",308,"H",2,"F1.149","F2.222",222,18,0,0,14.3,NA,3,0,-1.048283588,1.09889848
"208",309,"I",2,"F1.151","F2.259",259,19,0,0,14.3,NA,3,0,-1.048283588,1.09889848
"209",310,"J",2,"F1.135","F2.228",228,11,0,0,14.3,NA,3,0,-1.048283588,1.09889848
"210",311,"K",2,"F1.127","F2.218",218,21,0,0,14.3,NA,3,0,-1.048283588,1.09889848
"211",313,"A",3,"F1.151","F2.259",259,20,0,0,16.2,NA,3,0,-0.765553469,0.586072114
"212",314,"B",3,"F1.150","F2.243",243,19,0,0,16.2,NA,3,0,-0.765553469,0.586072114
"213",315,"C",3,"F1.149","F2.222",222,18,0,0,16.2,NA,3,0,-0.765553469,0.586072114
"214",316,"D",3,"F1.128","F2.214",214,19,0,0,16.2,NA,3,0,-0.765553469,0.586072114
"215",317,"E",3,"F1.135","F2.228",228,14,0,0,16.2,NA,3,0,-0.765553469,0.586072114
"216",319,"G",3,"F1.148","F2.202",202,21,0,0,16.2,NA,3,0,-0.765553469,0.586072114
"217",320,"H",3,"F1.128","F2.235",235,19,0,0,16.2,NA,3,0,-0.765553469,0.586072114
"218",321,"I",3,"F1.123","F2.267",267,21,1,4.761904762,16.2,18,3,0.047619048,-0.765553469,0.586072114
"219",324,"L",3,"F1.127","F2.218",218,20,1,5,16.2,18,3,0.05,-0.765553469,0.586072114
"220",326,"B",4,"F1.128","F2.235",235,19,1,5.263157895,17.8,18,3,0.052631579,-0.527464948,0.278219271
"221",327,"C",4,"F1.128","F2.214",214,18,0,0,17.8,NA,3,0,-0.527464948,0.278219271
"222",329,"E",4,"F1.127","F2.218",218,21,1,4.761904762,17.8,18,3,0.047619048,-0.527464948,0.278219271
"223",330,"F",4,"F1.151","F2.259",259,20,0,0,17.8,NA,3,0,-0.527464948,0.278219271
"224",331,"G",4,"F1.150","F2.243",243,22,7,31.81818182,17.8,45,3,0.318181818,-0.527464948,0.278219271
"225",332,"H",4,"F1.135","F2.228",228,18,0,0,17.8,NA,3,0,-0.527464948,0.278219271
"226",333,"I",4,"F1.148","F2.202",202,19,0,0,17.8,NA,3,0,-0.527464948,0.278219271
"227",335,"K",4,"F1.149","F2.222",222,23,0,0,17.8,NA,3,0,-0.527464948,0.278219271
"228",336,"L",4,"F1.123","F2.267",267,23,0,0,17.8,NA,3,0,-0.527464948,0.278219271
"229",338,"B",5,"F1.135","F2.228",228,17,2,11.76470588,19.5,11,3,0.117647059,-0.274495894,0.075347996
"230",340,"D",5,"F1.151","F2.259",259,20,0,0,19.5,NA,3,0,-0.274495894,0.075347996
"231",341,"E",5,"F1.123","F2.267",267,18,3,16.66666667,19.5,15.7,3,0.166666667,-0.274495894,0.075347996
"232",343,"G",5,"F1.128","F2.235",235,18,0,0,19.5,NA,3,0,-0.274495894,0.075347996
"233",344,"H",5,"F1.127","F2.218",218,20,2,10,19.5,9,3,0.1,-0.274495894,0.075347996
"234",345,"I",5,"F1.150","F2.243",243,20,5,25,19.5,15,3,0.25,-0.274495894,0.075347996
"235",346,"J",5,"F1.149","F2.222",222,19,3,15.78947368,19.5,13,3,0.157894737,-0.274495894,0.075347996
"236",347,"K",5,"F1.128","F2.214",214,17,0,0,19.5,NA,3,0,-0.274495894,0.075347996
"237",348,"L",5,"F1.148","F2.202",202,21,5,23.80952381,19.5,11,3,0.238095238,-0.274495894,0.075347996
"238",349,"A",6,"F1.128","F2.214",214,19,1,5.263157895,21.1,11,3,0.052631579,-0.036407372,0.001325497
"239",350,"B",6,"F1.123","F2.267",267,18,6,33.33333333,21.1,13,3,0.333333333,-0.036407372,0.001325497
"240",353,"E",6,"F1.150","F2.243",243,19,8,42.10526316,21.1,13,3,0.421052632,-0.036407372,0.001325497
"241",354,"F",6,"F1.149","F2.222",222,19,8,42.10526316,21.1,15.5,3,0.421052632,-0.036407372,0.001325497
"242",355,"G",6,"F1.127","F2.218",218,19,2,10.52631579,21.1,11,3,0.105263158,-0.036407372,0.001325497
"243",356,"H",6,"F1.148","F2.202",202,19,10,52.63157895,21.1,11,3,0.52631579,-0.036407372,0.001325497
"244",357,"I",6,"F1.135","F2.228",228,17,3,17.64705882,21.1,26.3,3,0.176470588,-0.036407372,0.001325497
"245",359,"K",6,"F1.151","F2.259",259,18,0,0,21.1,NA,3,0,-0.036407372,0.001325497
"246",360,"L",6,"F1.128","F2.235",235,21,12,57.14285714,21.1,17.8,3,0.571428571,-0.036407372,0.001325497
"247",362,"B",7,"F1.148","F2.202",202,20,14,70,22.2,7.4,3,0.7,0.127278486,0.016199813
"248",364,"D",7,"F1.149","F2.222",222,18,6,33.33333333,22.2,35,3,0.333333333,0.127278486,0.016199813
"249",365,"E",7,"F1.128","F2.235",235,19,15,78.94736842,22.2,10.3,3,0.789473684,0.127278486,0.016199813
"250",366,"F",7,"F1.128","F2.214",214,19,4,21.05263158,22.2,24.3,3,0.210526316,0.127278486,0.016199813
"251",367,"G",7,"F1.123","F2.267",267,23,1,4.347826087,22.2,39,3,0.043478261,0.127278486,0.016199813
"252",368,"H",7,"F1.150","F2.243",243,21,17,80.95238095,22.2,13.2,3,0.80952381,0.127278486,0.016199813
"253",369,"I",7,"F1.127","F2.218",218,21,11,52.38095238,22.2,9.2,3,0.523809524,0.127278486,0.016199813
"254",370,"J",7,"F1.151","F2.259",259,19,2,10.52631579,22.2,15.5,3,0.105263158,0.127278486,0.016199813
"255",372,"L",7,"F1.135","F2.228",228,15,7,46.66666667,22.2,7.7,3,0.466666667,0.127278486,0.016199813
"256",373,"A",8,"F1.123","F2.267",267,21,1,4.761904762,23.5,11,3,0.047619048,0.32072541,0.102864788
"257",375,"C",8,"F1.128","F2.235",235,19,11,57.89473684,23.5,12.1,3,0.578947368,0.32072541,0.102864788
"258",376,"D",8,"F1.135","F2.228",228,13,3,23.07692308,23.5,8,3,0.230769231,0.32072541,0.102864788
"259",378,"F",8,"F1.127","F2.218",218,20,6,30,23.5,9.3,3,0.3,0.32072541,0.102864788
"260",379,"G",8,"F1.128","F2.214",214,21,9,42.85714286,23.5,14.7,3,0.428571429,0.32072541,0.102864788
"261",380,"H",8,"F1.151","F2.259",259,19,1,5.263157895,23.5,18,3,0.052631579,0.32072541,0.102864788
"262",381,"I",8,"F1.149","F2.222",222,20,6,30,23.5,25,3,0.3,0.32072541,0.102864788
"263",382,"J",8,"F1.148","F2.202",202,20,13,65,23.5,9.6,3,0.65,0.32072541,0.102864788
"264",383,"K",8,"F1.150","F2.243",243,19,14,73.68421053,23.5,7.4,3,0.736842105,0.32072541,0.102864788
"265",385,"A",9,"F1.149","F2.222",222,16,4,25,24.8,9.3,3,0.25,0.514172333,0.264373188
"266",386,"B",9,"F1.127","F2.218",218,21,7,33.33333333,24.8,8.7,3,0.333333333,0.514172333,0.264373188
"267",387,"C",9,"F1.151","F2.259",259,19,1,5.263157895,24.8,48,3,0.052631579,0.514172333,0.264373188
"268",389,"E",9,"F1.148","F2.202",202,21,14,66.66666667,24.8,7.9,3,0.666666667,0.514172333,0.264373188
"269",391,"G",9,"F1.135","F2.228",228,17,6,35.29411765,24.8,12.2,3,0.352941177,0.514172333,0.264373188
"270",392,"H",9,"F1.123","F2.267",267,20,6,30,24.8,7.8,3,0.3,0.514172333,0.264373188
"271",393,"I",9,"F1.128","F2.235",235,20,6,30,24.8,20.3,3,0.3,0.514172333,0.264373188
"272",394,"J",9,"F1.128","F2.214",214,17,5,29.41176471,24.8,22.6,3,0.294117647,0.514172333,0.264373188
"273",396,"L",9,"F1.150","F2.243",243,19,13,68.42105263,24.8,8.5,3,0.684210526,0.514172333,0.264373188
"274",397,"A",10,"F1.150","F2.243",243,17,9,52.94117647,25.8,16.6,3,0.529411765,0.662977659,0.439539376
"275",399,"C",10,"F1.127","F2.218",218,21,4,19.04761905,25.8,10.5,3,0.190476191,0.662977659,0.439539376
"276",400,"D",10,"F1.123","F2.267",267,21,4,19.04761905,25.8,49,3,0.190476191,0.662977659,0.439539376
"277",401,"E",10,"F1.149","F2.222",222,18,0,0,25.8,NA,3,0,0.662977659,0.439539376
"278",402,"F",10,"F1.148","F2.202",202,20,5,25,25.8,10.2,3,0.25,0.662977659,0.439539376
"279",403,"G",10,"F1.151","F2.259",259,19,1,0.052631579,25.8,7,3,0.000526316,0.662977659,0.439539376
"280",406,"J",10,"F1.128","F2.235",235,21,12,57.14285714,25.8,13.9,3,0.571428571,0.662977659,0.439539376
"281",407,"K",10,"F1.135","F2.228",228,17,10,58.82352941,25.8,18.2,3,0.588235294,0.662977659,0.439539376
"282",408,"L",10,"F1.128","F2.214",214,21,12,57.14285714,25.8,38.2,3,0.571428571,0.662977659,0.439539376
"283",409,"A",11,"F1.127","F2.218",218,20,10,50,27.1,17.6,3,0.5,0.856424582,0.733463065
"284",410,"B",11,"F1.128","F2.214",214,21,12,57.14285714,27.1,53.3,3,0.571428571,0.856424582,0.733463065
"285",411,"C",11,"F1.150","F2.243",243,20,13,65,27.1,8.1,3,0.65,0.856424582,0.733463065
"286",412,"D",11,"F1.128","F2.235",235,21,0,0,27.1,NA,3,0,0.856424582,0.733463065
"287",413,"E",11,"F1.151","F2.259",259,20,3,15,27.1,28,3,0.15,0.856424582,0.733463065
"288",414,"F",11,"F1.135","F2.228",228,14,8,57.14285714,27.1,6.3,3,0.571428571,0.856424582,0.733463065
"289",415,"G",11,"F1.149","F2.222",222,18,1,5.555555556,27.1,32,3,0.055555556,0.856424582,0.733463065
"290",418,"J",11,"F1.123","F2.267",267,19,2,10.52631579,27.1,48,3,0.105263158,0.856424582,0.733463065
"291",419,"K",11,"F1.148","F2.202",202,19,6,31.57894737,27.1,34.7,3,0.315789474,0.856424582,0.733463065
"292",421,"A",12,"F1.148","F2.202",202,20,0,0,28.3,NA,3,0,1.034990973,1.071206315
"293",422,"B",12,"F1.151","F2.259",259,20,0,0,28.3,NA,3,0,1.034990973,1.071206315
"294",423,"C",12,"F1.135","F2.228",228,18,0,0,28.3,NA,3,0,1.034990973,1.071206315
"295",424,"D",12,"F1.127","F2.218",218,21,0,0,28.3,NA,3,0,1.034990973,1.071206315
"296",426,"F",12,"F1.123","F2.267",267,21,0,0,28.3,NA,3,0,1.034990973,1.071206315
"297",429,"I",12,"F1.128","F2.214",214,17,0,0,28.3,NA,3,0,1.034990973,1.071206315
"298",430,"J",12,"F1.150","F2.243",243,21,0,0,28.3,NA,3,0,1.034990973,1.071206315
"299",431,"K",12,"F1.128","F2.235",235,19,0,0,28.3,NA,3,0,1.034990973,1.071206315
"300",432,"L",12,"F1.149","F2.222",222,18,0,0,28.3,NA,3,0,1.034990973,1.071206315
"301",433,"A",1,"F1.103","F2.261",261,20,0,0,8.873333333,NA,4,0,-1.855800489,3.443995456
"302",434,"B",1,"F1.101","F2.224",224,20,0,0,8.873333333,NA,4,0,-1.855800489,3.443995456
"303",435,"C",1,"F1.131","F2.256",256,20,0,0,8.873333333,NA,4,0,-1.855800489,3.443995456
"304",436,"D",1,"F1.135","F2.208",208,20,0,0,8.873333333,NA,4,0,-1.855800489,3.443995456
"305",437,"E",1,"F1.148","F2.255",255,20,1,5,8.873333333,29,4,0.05,-1.855800489,3.443995456
"306",438,"F",1,"F1.103","F2.211",211,20,0,0,8.873333333,NA,4,0,-1.855800489,3.443995456
"307",439,"G",1,"F1.122","F2.238",238,20,0,0,8.873333333,NA,4,0,-1.855800489,3.443995456
"308",440,"H",1,"F1.142","F2.236",236,20,0,0,8.873333333,NA,4,0,-1.855800489,3.443995456
"309",441,"I",1,"F1.144","F2.249",249,20,0,0,8.873333333,NA,4,0,-1.855800489,3.443995456
"310",442,"J",1,"F1.131","F2.253",253,20,0,0,8.873333333,NA,4,0,-1.855800489,3.443995456
"311",443,"K",1,"F1.104","F2.262",262,20,0,0,8.873333333,NA,4,0,-1.855800489,3.443995456
"312",444,"L",1,"F1.109","F2.215",215,20,0,0,8.873333333,NA,4,0,-1.855800489,3.443995456
"313",445,"A",2,"F1.109","F2.215",215,20,0,0,11.4991,NA,4,0,-1.465072425,2.14643721
"314",446,"B",2,"F1.148","F2.255",255,20,0,0,11.4991,NA,4,0,-1.465072425,2.14643721
"315",447,"C",2,"F1.142","F2.236",236,20,0,0,11.4991,NA,4,0,-1.465072425,2.14643721
"316",448,"D",2,"F1.122","F2.238",238,20,0,0,11.4991,NA,4,0,-1.465072425,2.14643721
"317",449,"E",2,"F1.101","F2.224",224,20,0,0,11.4991,NA,4,0,-1.465072425,2.14643721
"318",450,"F",2,"F1.144","F2.249",249,20,0,0,11.4991,NA,4,0,-1.465072425,2.14643721
"319",451,"G",2,"F1.135","F2.208",208,20,0,0,11.4991,NA,4,0,-1.465072425,2.14643721
"320",452,"H",2,"F1.131","F2.256",256,20,0,0,11.4991,NA,4,0,-1.465072425,2.14643721
"321",453,"I",2,"F1.103","F2.211",211,20,0,0,11.4991,NA,4,0,-1.465072425,2.14643721
"322",454,"J",2,"F1.104","F2.262",262,20,0,0,11.4991,NA,4,0,-1.465072425,2.14643721
"323",455,"K",2,"F1.131","F2.253",253,20,0,0,11.4991,NA,4,0,-1.465072425,2.14643721
"324",456,"L",2,"F1.103","F2.261",261,20,0,0,11.4991,NA,4,0,-1.465072425,2.14643721
"325",457,"A",3,"F1.131","F2.253",253,20,0,0,13.9695,NA,4,0,-1.097463748,1.204426678
"326",458,"B",3,"F1.142","F2.236",236,20,0,0,13.9695,NA,4,0,-1.097463748,1.204426678
"327",459,"C",3,"F1.135","F2.208",208,20,0,0,13.9695,NA,4,0,-1.097463748,1.204426678
"328",460,"D",3,"F1.103","F2.211",211,20,0,0,13.9695,NA,4,0,-1.097463748,1.204426678
"329",461,"E",3,"F1.131","F2.256",256,20,0,0,13.9695,NA,4,0,-1.097463748,1.204426678
"330",462,"F",3,"F1.109","F2.215",215,20,0,0,13.9695,NA,4,0,-1.097463748,1.204426678
"331",463,"G",3,"F1.144","F2.249",249,20,0,0,13.9695,NA,4,0,-1.097463748,1.204426678
"332",464,"H",3,"F1.122","F2.238",238,20,0,0,13.9695,NA,4,0,-1.097463748,1.204426678
"333",465,"I",3,"F1.103","F2.261",261,20,0,0,13.9695,NA,4,0,-1.097463748,1.204426678
"334",466,"J",3,"F1.148","F2.255",255,20,0,0,13.9695,NA,4,0,-1.097463748,1.204426678
"335",467,"K",3,"F1.101","F2.224",224,20,0,0,13.9695,NA,4,0,-1.097463748,1.204426678
"336",468,"L",3,"F1.104","F2.262",262,20,0,0,13.9695,NA,4,0,-1.097463748,1.204426678
"337",469,"A",4,"F1.103","F2.211",211,20,0,0,16.3,NA,4,0,-0.750672936,0.563509857
"338",470,"B",4,"F1.131","F2.253",253,20,0,0,16.3,NA,4,0,-0.750672936,0.563509857
"339",471,"C",4,"F1.101","F2.224",224,20,0,0,16.3,NA,4,0,-0.750672936,0.563509857
"340",472,"D",4,"F1.142","F2.236",236,20,0,0,16.3,NA,4,0,-0.750672936,0.563509857
"341",473,"E",4,"F1.104","F2.262",262,19,0,0,16.3,NA,4,0,-0.750672936,0.563509857
"342",474,"F",4,"F1.122","F2.238",238,20,0,0,16.3,NA,4,0,-0.750672936,0.563509857
"343",475,"G",4,"F1.131","F2.256",256,20,4,20,16.3,16.75,4,0.2,-0.750672936,0.563509857
"344",476,"H",4,"F1.148","F2.255",255,20,1,5,16.3,22,4,0.05,-0.750672936,0.563509857
"345",477,"I",4,"F1.135","F2.208",208,20,0,0,16.3,NA,4,0,-0.750672936,0.563509857
"346",478,"J",4,"F1.109","F2.215",215,20,0,0,16.3,NA,4,0,-0.750672936,0.563509857
"347",479,"K",4,"F1.103","F2.261",261,20,2,10,16.3,18.5,4,0.1,-0.750672936,0.563509857
"348",480,"L",4,"F1.144","F2.249",249,20,0,0,16.3,NA,4,0,-0.750672936,0.563509857
"349",481,"A",5,"F1.101","F2.224",224,20,0,0,18.4,NA,4,0,-0.438181752,0.192003248
"350",482,"B",5,"F1.135","F2.208",208,20,5,25,18.4,16.4,4,0.25,-0.438181752,0.192003248
"351",483,"C",5,"F1.144","F2.249",249,20,2,10,18.4,12.5,4,0.1,-0.438181752,0.192003248
"352",484,"D",5,"F1.103","F2.261",261,20,8,40,18.4,10.625,4,0.4,-0.438181752,0.192003248
"353",485,"E",5,"F1.122","F2.238",238,20,1,5,18.4,15,4,0.05,-0.438181752,0.192003248
"354",486,"F",5,"F1.131","F2.253",253,19,1,5.263157895,18.4,10,4,0.052631579,-0.438181752,0.192003248
"355",487,"G",5,"F1.109","F2.215",215,18,1,5.555555556,18.4,15,4,0.055555556,-0.438181752,0.192003248
"356",488,"H",5,"F1.103","F2.211",211,19,6,31.57894737,18.4,12.5,4,0.315789474,-0.438181752,0.192003248
"357",489,"I",5,"F1.104","F2.262",262,20,6,30,18.4,14.16666667,4,0.3,-0.438181752,0.192003248
"358",490,"J",5,"F1.142","F2.236",236,20,3,15,18.4,15.66666667,4,0.15,-0.438181752,0.192003248
"359",491,"K",5,"F1.131","F2.256",256,20,0,0,18.4,NA,4,0,-0.438181752,0.192003248
"360",492,"L",5,"F1.148","F2.255",255,20,2,10,18.4,10,4,0.1,-0.438181752,0.192003248
"361",493,"A",6,"F1.122","F2.238",238,20,2,10,20.45,14.5,4,0.1,-0.133130834,0.017723819
"362",494,"B",6,"F1.109","F2.215",215,21,9,42.85714286,20.45,14.88888889,4,0.428571429,-0.133130834,0.017723819
"363",495,"C",6,"F1.131","F2.253",253,20,4,20,20.45,14.25,4,0.2,-0.133130834,0.017723819
"364",496,"D",6,"F1.148","F2.255",255,18,6,33.33333333,20.45,10.83333333,4,0.333333333,-0.133130834,0.017723819
"365",497,"E",6,"F1.103","F2.261",261,20,19,95,20.45,11.05263158,4,0.95,-0.133130834,0.017723819
"366",498,"F",6,"F1.131","F2.256",256,21,10,47.61904762,20.45,12.7,4,0.476190476,-0.133130834,0.017723819
"367",499,"G",6,"F1.101","F2.224",224,20,0,0,20.45,NA,4,0,-0.133130834,0.017723819
"368",500,"H",6,"F1.104","F2.262",262,20,12,60,20.45,17.16666667,4,0.6,-0.133130834,0.017723819
"369",501,"I",6,"F1.142","F2.236",236,20,10,50,20.45,11.5,4,0.5,-0.133130834,0.017723819
"370",502,"J",6,"F1.144","F2.249",249,20,8,40,20.45,9.875,4,0.4,-0.133130834,0.017723819
"371",503,"K",6,"F1.103","F2.211",211,20,15,75,20.45,10.8,4,0.75,-0.133130834,0.017723819
"372",504,"L",6,"F1.135","F2.208",208,20,10,50,20.45,14.2,4,0.5,-0.133130834,0.017723819
"373",505,"A",7,"F1.135","F2.208",208,20,15,75,22.2971,11.33333333,4,0.75,0.141727483,0.020086679
"374",506,"B",7,"F1.103","F2.261",261,20,20,100,22.2971,10.5,4,1,0.141727483,0.020086679
"375",507,"C",7,"F1.104","F2.262",262,20,19,95,22.2971,10.78947368,4,0.95,0.141727483,0.020086679
"376",508,"D",7,"F1.101","F2.224",224,20,2,10,22.2971,15,4,0.1,0.141727483,0.020086679
"377",509,"E",7,"F1.109","F2.215",215,20,15,75,22.2971,14,4,0.75,0.141727483,0.020086679
"378",510,"F",7,"F1.142","F2.236",236,19,12,63.15789474,22.2971,10.08333333,4,0.631578947,0.141727483,0.020086679
"379",511,"G",7,"F1.148","F2.255",255,18,10,55.55555556,22.2971,11,4,0.555555556,0.141727483,0.020086679
"380",512,"H",7,"F1.131","F2.253",253,19,14,73.68421053,22.2971,16.28571429,4,0.736842105,0.141727483,0.020086679
"381",513,"I",7,"F1.131","F2.256",256,20,8,40,22.2971,14,4,0.4,0.141727483,0.020086679
"382",514,"J",7,"F1.103","F2.211",211,19,1,5.263157895,22.2971,10,4,0.052631579,0.141727483,0.020086679
"383",515,"K",7,"F1.144","F2.249",249,19,6,31.57894737,22.2971,12,4,0.315789474,0.141727483,0.020086679
"384",516,"L",7,"F1.122","F2.238",238,18,4,22.22222222,22.2971,9.25,4,0.222222222,0.141727483,0.020086679
"385",517,"A",8,"F1.144","F2.249",249,20,6,30,23.9905,15.16666667,4,0.3,0.393714422,0.155011046
"386",518,"B",8,"F1.104","F2.262",262,20,14,70,23.9905,9.428571429,4,0.7,0.393714422,0.155011046
"387",519,"C",8,"F1.148","F2.255",255,20,14,70,23.9905,9.5,4,0.7,0.393714422,0.155011046
"388",520,"D",8,"F1.131","F2.256",256,20,10,50,23.9905,16.8,4,0.5,0.393714422,0.155011046
"389",521,"E",8,"F1.131","F2.253",253,20,8,40,23.9905,16.375,4,0.4,0.393714422,0.155011046
"390",522,"F",8,"F1.135","F2.208",208,20,14,70,23.9905,12.14285714,4,0.7,0.393714422,0.155011046
"391",523,"G",8,"F1.142","F2.236",236,20,20,100,23.9905,8.5,4,1,0.393714422,0.155011046
"392",524,"H",8,"F1.101","F2.224",224,18,1,5.555555556,23.9905,7,4,0.055555556,0.393714422,0.155011046
"393",525,"I",8,"F1.122","F2.238",238,19,9,47.36842105,23.9905,8.333333333,4,0.473684211,0.393714422,0.155011046
"394",526,"J",8,"F1.103","F2.261",261,20,20,100,23.9905,9.1,4,1,0.393714422,0.155011046
"395",527,"K",8,"F1.109","F2.215",215,20,17,85,23.9905,10.29411765,4,0.85,0.393714422,0.155011046
"396",528,"L",8,"F1.103","F2.211",211,18,10,55.55555556,23.9905,10.5,4,0.555555556,0.393714422,0.155011046
"397",529,"A",9,"F1.104","F2.262",262,20,16,80,25.5285,8.875,4,0.8,0.622577013,0.387602137
"398",530,"B",9,"F1.131","F2.256",256,20,11,55,25.5285,21.36363636,4,0.55,0.622577013,0.387602137
"399",531,"C",9,"F1.122","F2.238",238,20,9,45,25.5285,8.222222222,4,0.45,0.622577013,0.387602137
"400",532,"D",9,"F1.144","F2.249",249,20,5,25,25.5285,11.8,4,0.25,0.622577013,0.387602137
"401",533,"E",9,"F1.142","F2.236",236,20,20,100,25.5285,7.9,4,1,0.622577013,0.387602137
"402",534,"F",9,"F1.103","F2.261",261,19,11,57.89473684,25.5285,9.909090909,4,0.578947368,0.622577013,0.387602137
"403",535,"G",9,"F1.103","F2.211",211,19,16,84.21052632,25.5285,8.8125,4,0.842105263,0.622577013,0.387602137
"404",536,"H",9,"F1.135","F2.208",208,20,10,50,25.5285,13.7,4,0.5,0.622577013,0.387602137
"405",537,"I",9,"F1.109","F2.215",215,20,12,60,25.5285,12.58333333,4,0.6,0.622577013,0.387602137
"406",538,"J",9,"F1.101","F2.224",224,20,0,0,25.5285,NA,4,0,0.622577013,0.387602137
"407",539,"K",9,"F1.148","F2.255",255,20,15,75,25.5285,12.6,4,0.75,0.622577013,0.387602137
"408",540,"L",9,"F1.131","F2.253",253,21,2,9.523809524,25.5285,16,4,0.095238095,0.622577013,0.387602137
"409",541,"A",10,"F1.131","F2.256",256,19,6,31.57894737,26.9111,22,4,0.315789474,0.828315256,0.686106164
"410",542,"B",10,"F1.144","F2.249",249,20,3,15,26.9111,8,4,0.15,0.828315256,0.686106164
"411",543,"C",10,"F1.109","F2.215",215,19,12,63.15789474,26.9111,14.33333333,4,0.631578947,0.828315256,0.686106164
"412",544,"D",10,"F1.104","F2.262",262,19,8,42.10526316,26.9111,32.125,4,0.421052632,0.828315256,0.686106164
"413",545,"E",10,"F1.103","F2.211",211,19,6,31.57894737,26.9111,19.16666667,4,0.315789474,0.828315256,0.686106164
"414",546,"F",10,"F1.101","F2.224",224,20,0,0,26.9111,NA,4,0,0.828315256,0.686106164
"415",547,"G",10,"F1.131","F2.253",253,21,8,38.0952381,26.9111,26.375,4,0.380952381,0.828315256,0.686106164
"416",548,"H",10,"F1.103","F2.261",261,20,6,30,26.9111,19.66666667,4,0.3,0.828315256,0.686106164
"417",549,"I",10,"F1.148","F2.255",255,20,0,0,26.9111,NA,4,0,0.828315256,0.686106164
"418",550,"J",10,"F1.135","F2.208",208,20,10,50,26.9111,14.2,4,0.5,0.828315256,0.686106164
"419",551,"K",10,"F1.122","F2.238",238,20,6,30,26.9111,11.33333333,4,0.3,0.828315256,0.686106164
"420",552,"L",10,"F1.142","F2.236",236,20,16,80,26.9111,11.1875,4,0.8,0.828315256,0.686106164
"421",553,"A",11,"F1.148","F2.255",255,17,7,41.17647059,28.1383,19.28571429,4,0.411764706,1.010929152,1.021977751
"422",554,"B",11,"F1.122","F2.238",238,10,3,30,28.1383,26.33333333,4,0.3,1.010929152,1.021977751
"423",555,"C",11,"F1.103","F2.211",211,19,15,78.94736842,28.1383,9.133333333,4,0.789473684,1.010929152,1.021977751
"424",556,"D",11,"F1.109","F2.215",215,19,11,57.89473684,28.1383,23.90909091,4,0.578947368,1.010929152,1.021977751
"425",557,"E",11,"F1.135","F2.208",208,20,0,0,28.1383,NA,4,0,1.010929152,1.021977751
"426",558,"F",11,"F1.104","F2.262",262,20,8,40,28.1383,33.375,4,0.4,1.010929152,1.021977751
"427",559,"G",11,"F1.103","F2.261",261,20,16,80,28.1383,9.625,4,0.8,1.010929152,1.021977751
"428",560,"H",11,"F1.144","F2.249",249,20,1,5,28.1383,15,4,0.05,1.010929152,1.021977751
"429",561,"I",11,"F1.131","F2.253",253,20,3,15,28.1383,36,4,0.15,1.010929152,1.021977751
"430",562,"J",11,"F1.131","F2.256",256,20,3,15,28.1383,57,4,0.15,1.010929152,1.021977751
"431",563,"K",11,"F1.142","F2.236",236,20,20,100,28.1383,7.3,4,1,1.010929152,1.021977751
"432",564,"L",11,"F1.101","F2.224",224,20,0,0,28.1383,NA,4,0,1.010929152,1.021977751
"433",565,"A",12,"F1.142","F2.236",236,19,15,78.94736842,29.21666667,14.4,4,0.789473684,1.171395856,1.372168251
"434",566,"B",12,"F1.103","F2.211",211,19,12,63.15789474,29.21666667,16.41666667,4,0.631578947,1.171395856,1.372168251
"435",567,"C",12,"F1.103","F2.261",261,20,8,40,29.21666667,22,4,0.4,1.171395856,1.372168251
"436",568,"D",12,"F1.131","F2.253",253,20,0,0,29.21666667,NA,4,0,1.171395856,1.372168251
"437",569,"E",12,"F1.144","F2.249",249,20,0,0,29.21666667,NA,4,0,1.171395856,1.372168251
"438",570,"F",12,"F1.148","F2.255",255,20,6,30,29.21666667,33.66666667,4,0.3,1.171395856,1.372168251
"439",571,"G",12,"F1.104","F2.262",262,19,7,36.84210526,29.21666667,21,4,0.368421053,1.171395856,1.372168251
"440",572,"H",12,"F1.109","F2.215",215,20,9,45,29.21666667,16.66666667,4,0.45,1.171395856,1.372168251
"441",573,"I",12,"F1.101","F2.224",224,20,3,15,29.21666667,28.66666667,4,0.15,1.171395856,1.372168251
"442",574,"J",12,"F1.122","F2.238",238,20,0,0,29.21666667,NA,4,0,1.171395856,1.372168251
"443",575,"K",12,"F1.135","F2.208",208,20,2,10,29.21666667,22,4,0.1,1.171395856,1.372168251
"444",576,"L",12,"F1.131","F2.256",256,20,6,30,29.21666667,46.5,4,0.3,1.171395856,1.372168251
"445",577,"A",1,"F1.131","F2.229",229,20,0,0,9.698,NA,5,0,-1.733085697,3.003586033
"446",578,"B",1,"F1.123","F2.206",206,20,0,0,9.698,NA,5,0,-1.733085697,3.003586033
"447",579,"C",1,"F1.124","F2.207",207,20,0,0,9.698,NA,5,0,-1.733085697,3.003586033
"448",580,"D",1,"F1.150","F2.265",265,20,0,0,9.698,NA,5,0,-1.733085697,3.003586033
"449",581,"E",1,"F1.119","F2.237",237,20,0,0,9.698,NA,5,0,-1.733085697,3.003586033
"450",582,"F",1,"F1.114","F2.201",201,20,0,0,9.698,NA,5,0,-1.733085697,3.003586033
"451",583,"G",1,"F1.153","F2.220",220,20,0,0,9.698,NA,5,0,-1.733085697,3.003586033
"452",584,"H",1,"F1.115","F2.209",209,20,0,0,9.698,NA,5,0,-1.733085697,3.003586033
"453",585,"I",1,"F1.101","F2.221",221,19,0,0,9.698,NA,5,0,-1.733085697,3.003586033
"454",586,"J",1,"F1.147","F2.230",230,20,0,0,9.698,NA,5,0,-1.733085697,3.003586033
"455",587,"K",1,"F1.102","F2.205",205,20,0,0,9.698,NA,5,0,-1.733085697,3.003586033
"456",588,"L",1,"F1.112","F2.203",203,20,0,0,9.698,NA,5,0,-1.733085697,3.003586033
"457",589,"A",2,"F1.112","F2.203",203,20,0,0,12.2809,NA,5,0,-1.348736421,1.819089934
"458",590,"B",2,"F1.119","F2.237",237,20,0,0,12.2809,NA,5,0,-1.348736421,1.819089934
"459",591,"C",2,"F1.115","F2.209",209,20,0,0,12.2809,NA,5,0,-1.348736421,1.819089934
"460",592,"D",2,"F1.153","F2.220",220,20,0,0,12.2809,NA,5,0,-1.348736421,1.819089934
"461",593,"E",2,"F1.123","F2.206",206,20,0,0,12.2809,NA,5,0,-1.348736421,1.819089934
"462",594,"F",2,"F1.101","F2.221",221,20,0,0,12.2809,NA,5,0,-1.348736421,1.819089934
"463",595,"G",2,"F1.150","F2.265",265,20,0,0,12.2809,NA,5,0,-1.348736421,1.819089934
"464",596,"H",2,"F1.124","F2.207",207,19,0,0,12.2809,NA,5,0,-1.348736421,1.819089934
"465",597,"I",2,"F1.114","F2.201",201,20,0,0,12.2809,NA,5,0,-1.348736421,1.819089934
"466",598,"J",2,"F1.102","F2.205",205,19,0,0,12.2809,NA,5,0,-1.348736421,1.819089934
"467",599,"K",2,"F1.147","F2.230",230,19,0,0,12.2809,NA,5,0,-1.348736421,1.819089934
"468",600,"L",2,"F1.131","F2.229",229,19,0,0,12.2809,NA,5,0,-1.348736421,1.819089934
"469",601,"A",3,"F1.147","F2.230",230,20,0,0,14.7373,NA,5,0,-0.983211019,0.966703908
"470",602,"B",3,"F1.115","F2.209",209,20,0,0,14.7373,NA,5,0,-0.983211019,0.966703908
"471",603,"C",3,"F1.150","F2.265",265,20,0,0,14.7373,NA,5,0,-0.983211019,0.966703908
"472",604,"D",3,"F1.114","F2.201",201,20,0,0,14.7373,NA,5,0,-0.983211019,0.966703908
"473",605,"E",3,"F1.124","F2.207",207,20,0,0,14.7373,NA,5,0,-0.983211019,0.966703908
"474",606,"F",3,"F1.112","F2.203",203,20,0,0,14.7373,NA,5,0,-0.983211019,0.966703908
"475",607,"G",3,"F1.101","F2.221",221,20,0,0,14.7373,NA,5,0,-0.983211019,0.966703908
"476",608,"H",3,"F1.153","F2.220",220,18,0,0,14.7373,NA,5,0,-0.983211019,0.966703908
"477",609,"I",3,"F1.131","F2.229",229,18,0,0,14.7373,NA,5,0,-0.983211019,0.966703908
"478",610,"J",3,"F1.119","F2.237",237,20,0,0,14.7373,NA,5,0,-0.983211019,0.966703908
"479",611,"K",3,"F1.123","F2.206",206,18,0,0,14.7373,NA,5,0,-0.983211019,0.966703908
"480",612,"L",3,"F1.102","F2.205",205,19,0,0,14.7373,NA,5,0,-0.983211019,0.966703908
"481",613,"A",4,"F1.114","F2.201",201,20,1,5,17.0671,22,5,0.05,-0.636524371,0.405163275
"482",614,"B",4,"F1.147","F2.230",230,19,0,0,17.0671,NA,5,0,-0.636524371,0.405163275
"483",615,"C",4,"F1.123","F2.206",206,20,1,5,17.0671,29,5,0.05,-0.636524371,0.405163275
"484",616,"D",4,"F1.115","F2.209",209,19,0,0,17.0671,NA,5,0,-0.636524371,0.405163275
"485",617,"E",4,"F1.102","F2.205",205,20,0,0,17.0671,NA,5,0,-0.636524371,0.405163275
"486",618,"F",4,"F1.153","F2.220",220,19,1,5.263157895,17.0671,15,5,0.052631579,-0.636524371,0.405163275
"487",619,"G",4,"F1.124","F2.207",207,20,2,10,17.0671,18.5,5,0.1,-0.636524371,0.405163275
"488",620,"H",4,"F1.119","F2.237",237,20,0,0,17.0671,NA,5,0,-0.636524371,0.405163275
"489",621,"I",4,"F1.150","F2.265",265,20,2,10,17.0671,16,5,0.1,-0.636524371,0.405163275
"490",622,"J",4,"F1.112","F2.203",203,14,0,0,17.0671,NA,5,0,-0.636524371,0.405163275
"491",623,"K",4,"F1.131","F2.229",229,20,0,0,17.0671,NA,5,0,-0.636524371,0.405163275
"492",624,"L",4,"F1.101","F2.221",221,19,0,0,17.0671,NA,5,0,-0.636524371,0.405163275
"493",625,"A",5,"F1.123","F2.206",206,20,2,10,19.2703,12.5,5,0.1,-0.308676477,0.095281167
"494",626,"B",5,"F1.150","F2.265",265,20,9,45,19.2703,11.66666667,5,0.45,-0.308676477,0.095281167
"495",627,"C",5,"F1.101","F2.221",221,18,0,0,19.2703,NA,5,0,-0.308676477,0.095281167
"496",628,"D",5,"F1.131","F2.229",229,20,3,15,19.2703,19.66666667,5,0.15,-0.308676477,0.095281167
"497",629,"E",5,"F1.153","F2.220",220,20,0,0,19.2703,NA,5,0,-0.308676477,0.095281167
"498",630,"F",5,"F1.147","F2.230",230,19,2,10.52631579,19.2703,22,5,0.105263158,-0.308676477,0.095281167
"499",631,"G",5,"F1.112","F2.203",203,19,3,15.78947368,19.2703,13.33333333,5,0.157894737,-0.308676477,0.095281167
"500",632,"H",5,"F1.114","F2.201",201,18,0,0,19.2703,NA,5,0,-0.308676477,0.095281167
"501",633,"I",5,"F1.102","F2.205",205,19,0,0,19.2703,NA,5,0,-0.308676477,0.095281167
"502",634,"J",5,"F1.115","F2.209",209,20,3,15,19.2703,15,5,0.15,-0.308676477,0.095281167
"503",635,"K",5,"F1.124","F2.207",207,17,0,0,19.2703,NA,5,0,-0.308676477,0.095281167
"504",636,"L",5,"F1.119","F2.237",237,19,0,0,19.2703,NA,5,0,-0.308676477,0.095281167
"505",637,"A",6,"F1.153","F2.220",220,20,6,30,21.348,12.5,5,0.3,0.000496348,2.46e-07
"506",638,"B",6,"F1.112","F2.203",203,19,6,31.57894737,21.348,11.66666667,5,0.315789474,0.000496348,2.46e-07
"507",639,"C",6,"F1.147","F2.230",230,19,0,0,21.348,NA,5,0,0.000496348,2.46e-07
"508",640,"D",6,"F1.119","F2.237",237,17,0,0,21.348,NA,5,0,0.000496348,2.46e-07
"509",641,"E",6,"F1.131","F2.229",229,17,0,0,21.348,NA,5,0,0.000496348,2.46e-07
"510",642,"F",6,"F1.124","F2.207",207,17,3,17.64705882,21.348,10,5,0.176470588,0.000496348,2.46e-07
"511",643,"G",6,"F1.123","F2.206",206,20,10,50,21.348,15.9,5,0.5,0.000496348,2.46e-07
"512",644,"H",6,"F1.102","F2.205",205,20,10,50,21.348,10,5,0.5,0.000496348,2.46e-07
"513",645,"I",6,"F1.115","F2.209",209,20,14,70,21.348,13.21428571,5,0.7,0.000496348,2.46e-07
"514",646,"J",6,"F1.101","F2.221",221,19,7,36.84210526,21.348,13.42857143,5,0.368421053,0.000496348,2.46e-07
"515",647,"K",6,"F1.114","F2.201",201,20,1,5,21.348,15,5,0.05,0.000496348,2.46e-07
"516",648,"L",6,"F1.150","F2.265",265,19,16,84.21052632,21.348,11.5625,5,0.842105263,0.000496348,2.46e-07
"517",649,"A",7,"F1.150","F2.265",265,20,17,85,23.2969,8.235294118,5,0.85,0.290503048,0.084392021
"518",650,"B",7,"F1.131","F2.229",229,20,4,20,23.2969,20.25,5,0.2,0.290503048,0.084392021
"519",651,"C",7,"F1.102","F2.205",205,20,4,20,23.2969,10.5,5,0.2,0.290503048,0.084392021
"520",652,"D",7,"F1.123","F2.206",206,20,15,75,23.2969,13.73333333,5,0.75,0.290503048,0.084392021
"521",653,"E",7,"F1.112","F2.203",203,16,10,62.5,23.2969,9.7,5,0.625,0.290503048,0.084392021
"522",654,"F",7,"F1.115","F2.209",209,19,17,89.47368421,23.2969,9.823529412,5,0.894736842,0.290503048,0.084392021
"523",655,"G",7,"F1.119","F2.237",237,20,7,35,23.2969,12.85714286,5,0.35,0.290503048,0.084392021
"524",656,"H",7,"F1.147","F2.230",230,20,6,30,23.2969,18.83333333,5,0.3,0.290503048,0.084392021
"525",657,"I",7,"F1.124","F2.207",207,20,10,50,23.2969,9.4,5,0.5,0.290503048,0.084392021
"526",658,"J",7,"F1.114","F2.201",201,20,11,55,23.2969,11.72727273,5,0.55,0.290503048,0.084392021
"527",659,"K",7,"F1.101","F2.221",221,19,3,15.78947368,23.2969,36,5,0.157894737,0.290503048,0.084392021
"528",660,"L",7,"F1.153","F2.220",220,18,6,33.33333333,23.2969,18.5,5,0.333333333,0.290503048,0.084392021
"529",661,"A",8,"F1.101","F2.221",221,20,11,55,25.1203,19.63636364,5,0.55,0.561834679,0.315658206
"530",662,"B",8,"F1.102","F2.205",205,20,1,5,25.1203,7,5,0.05,0.561834679,0.315658206
"531",663,"C",8,"F1.119","F2.237",237,20,2,10,25.1203,14.5,5,0.1,0.561834679,0.315658206
"532",664,"D",8,"F1.124","F2.207",207,20,15,75,25.1203,9.2,5,0.75,0.561834679,0.315658206
"533",665,"E",8,"F1.147","F2.230",230,20,7,35,25.1203,17,5,0.35,0.561834679,0.315658206
"534",666,"F",8,"F1.150","F2.265",265,20,16,80,25.1203,8.125,5,0.8,0.561834679,0.315658206
"535",667,"G",8,"F1.115","F2.209",209,19,17,89.47368421,25.1203,10.35294118,5,0.894736842,0.561834679,0.315658206
"536",668,"H",8,"F1.123","F2.206",206,19,10,52.63157895,25.1203,14.4,5,0.52631579,0.561834679,0.315658206
"537",669,"I",8,"F1.153","F2.220",220,20,6,30,25.1203,10.66666667,5,0.3,0.561834679,0.315658206
"538",670,"J",8,"F1.131","F2.229",229,19,0,0,25.1203,NA,5,0,0.561834679,0.315658206
"539",671,"K",8,"F1.112","F2.203",203,18,5,27.77777778,25.1203,8,5,0.277777778,0.561834679,0.315658206
"540",672,"L",8,"F1.114","F2.201",201,19,2,10.52631579,25.1203,22,5,0.105263158,0.561834679,0.315658206
"541",673,"A",9,"F1.102","F2.205",205,20,0,0,26.8171,NA,5,0,0.814327556,0.663129368
"542",674,"B",9,"F1.124","F2.207",207,19,7,36.84210526,26.8171,16.57142857,5,0.368421053,0.814327556,0.663129368
"543",675,"C",9,"F1.153","F2.220",220,19,4,21.05263158,26.8171,23.75,5,0.210526316,0.814327556,0.663129368
"544",676,"D",9,"F1.101","F2.221",221,19,15,78.94736842,26.8171,20.73333333,5,0.789473684,0.814327556,0.663129368
"545",677,"E",9,"F1.115","F2.209",209,20,19,95,26.8171,12.36842105,5,0.95,0.814327556,0.663129368
"546",678,"F",9,"F1.131","F2.229",229,20,12,60,26.8171,32.08333333,5,0.6,0.814327556,0.663129368
"547",679,"G",9,"F1.114","F2.201",201,19,4,21.05263158,26.8171,30.75,5,0.210526316,0.814327556,0.663129368
"548",680,"H",9,"F1.150","F2.265",265,19,19,100,26.8171,7.157894737,5,1,0.814327556,0.663129368
"549",681,"I",9,"F1.112","F2.203",203,18,8,44.44444444,26.8171,9.875,5,0.444444444,0.814327556,0.663129368
"550",682,"J",9,"F1.123","F2.206",206,20,7,35,26.8171,22.57142857,5,0.35,0.814327556,0.663129368
"551",683,"K",9,"F1.119","F2.237",237,20,12,60,26.8171,25.25,5,0.6,0.814327556,0.663129368
"552",684,"L",9,"F1.147","F2.230",230,20,3,15,26.8171,22,5,0.15,0.814327556,0.663129368
"553",685,"A",10,"F1.124","F2.207",207,19,9,47.36842105,28.3873,34.44444444,5,0.473684211,1.047981678,1.098265598
"554",686,"B",10,"F1.101","F2.221",221,20,2,10,28.3873,32.5,5,0.1,1.047981678,1.098265598
"555",687,"C",10,"F1.112","F2.203",203,19,3,15.78947368,28.3873,19.66666667,5,0.157894737,1.047981678,1.098265598
"556",688,"D",10,"F1.102","F2.205",205,19,2,10.52631579,28.3873,32.5,5,0.105263158,1.047981678,1.098265598
"557",689,"E",10,"F1.114","F2.201",201,17,5,29.41176471,28.3873,17.6,5,0.294117647,1.047981678,1.098265598
"558",690,"F",10,"F1.123","F2.206",206,20,2,10,28.3873,26.5,5,0.1,1.047981678,1.098265598
"559",691,"G",10,"F1.147","F2.230",230,17,0,0,28.3873,NA,5,0,1.047981678,1.098265598
"560",692,"H",10,"F1.131","F2.229",229,20,15,75,28.3873,20.6,5,0.75,1.047981678,1.098265598
"561",693,"I",10,"F1.119","F2.237",237,20,8,40,28.3873,40.375,5,0.4,1.047981678,1.098265598
"562",694,"J",10,"F1.150","F2.265",265,20,13,65,28.3873,11.92307692,5,0.65,1.047981678,1.098265598
"563",695,"K",10,"F1.153","F2.220",220,21,1,4.761904762,28.3873,15,5,0.047619048,1.047981678,1.098265598
"564",696,"L",10,"F1.115","F2.209",209,20,7,35,28.3873,24,5,0.35,1.047981678,1.098265598
"565",697,"A",11,"F1.119","F2.237",237,20,0,0,29.8309,NA,5,0,1.262797047,1.594656381
"566",698,"B",11,"F1.153","F2.220",220,20,1,5,29.8309,57,5,0.05,1.262797047,1.594656381
"567",699,"C",11,"F1.114","F2.201",201,20,3,15,29.8309,31,5,0.15,1.262797047,1.594656381
"568",700,"D",11,"F1.112","F2.203",203,17,2,11.76470588,29.8309,36,5,0.117647059,1.262797047,1.594656381
"569",701,"E",11,"F1.150","F2.265",265,20,12,60,29.8309,17,5,0.6,1.262797047,1.594656381
"570",702,"F",11,"F1.102","F2.205",205,20,1,5,29.8309,36,5,0.05,1.262797047,1.594656381
"571",703,"G",11,"F1.131","F2.229",229,20,9,45,29.8309,25.11111111,5,0.45,1.262797047,1.594656381
"572",704,"H",11,"F1.101","F2.221",221,19,12,63.15789474,29.8309,29,5,0.631578947,1.262797047,1.594656381
"573",705,"I",11,"F1.147","F2.230",230,18,1,5.555555556,29.8309,22,5,0.055555556,1.262797047,1.594656381
"574",706,"J",11,"F1.124","F2.207",207,20,10,50,29.8309,14.7,5,0.5,1.262797047,1.594656381
"575",707,"K",11,"F1.115","F2.209",209,20,12,60,29.8309,24.33333333,5,0.6,1.262797047,1.594656381
"576",708,"L",11,"F1.123","F2.206",206,20,2,10,29.8309,43,5,0.1,1.262797047,1.594656381
"577",709,"A",12,"F1.115","F2.209",209,20,0,0,31.15166667,NA,5,0,1.459334161,2.129656194
"578",710,"B",12,"F1.114","F2.201",201,20,0,0,31.15166667,NA,5,0,1.459334161,2.129656194
"579",711,"C",12,"F1.131","F2.229",229,20,0,0,31.15166667,NA,5,0,1.459334161,2.129656194
"580",712,"D",12,"F1.147","F2.230",230,18,0,0,31.15166667,NA,5,0,1.459334161,2.129656194
"581",713,"E",12,"F1.101","F2.221",221,20,15,75,31.15166667,29.93333333,5,0.75,1.459334161,2.129656194
"582",714,"F",12,"F1.119","F2.237",237,19,1,5.263157895,31.15166667,64,5,0.052631579,1.459334161,2.129656194
"583",715,"G",12,"F1.102","F2.205",205,20,0,0,31.15166667,NA,5,0,1.459334161,2.129656194
"584",716,"H",12,"F1.112","F2.203",203,20,0,0,31.15166667,NA,5,0,1.459334161,2.129656194
"585",717,"I",12,"F1.123","F2.206",206,20,0,0,31.15166667,NA,5,0,1.459334161,2.129656194
"586",718,"J",12,"F1.153","F2.220",220,20,0,0,31.15166667,NA,5,0,1.459334161,2.129656194
"587",719,"K",12,"F1.150","F2.265",265,20,0,0,31.15166667,NA,5,0,1.459334161,2.129656194
"588",720,"L",12,"F1.124","F2.207",207,20,0,0,31.15166667,NA,5,0,1.459334161,2.129656194
