,F2_ID,unique_ID,Block,Row,Column,Position,Line,Label,Temp_rosette,Temp_belowsoil,Temp_5cmleaf,Initial_diameter_mm,Diameter_3wk_treatment,Date_first_bud,Date_first_flower,Date_died,Above_ground_biomass_g,N_flowers_caps,N_buds,Chlorophyll_content_etr,phipsii,fvfm_hot,Tcrit.break_hot,Tmax_hot,Tcrit.break_cold,Nuc_temp,LMAmean,cTemp_rosette,cTemp_rosette2,phipsii10,fvfm_hot10,Father,Mother,Days_first_bud,Days_first_flower,Days_first_bud_t,Days_first_flower_t,Early_growth,Early_growth10
1,F2.201,1072,1,L,6,L6,201,L6_201,18.7,22.9,23.9,16.62,63.76,7/09/2019,21/10/2019,NA,5.466,10,6,36.2,0.144,0.768,40.62,49.25,-8.8,-10.7,1.5615,-0.141381704,0.019988786,1.44,7.68,F1.101,F1.114,38,82,66,110,0.070764171,7.076417079
2,F2.201,1118,1,J,10,J10,201,J10_201,25,28.4,26.1,20.05,96.4,3/09/2019,11/10/2019,NA,3.627,14,4,26.7,0.071,0.756,40.05,49.25,-12.42,-13.04,1.0235,1.007914732,1.015892106,0.71,7.56,F1.101,F1.114,34,72,62,100,0.08264616,8.264616041
3,F2.201,1073,1,A,7,A7,201,A7_201,20.3,24.3,22.3,24.09,65.62,7/09/2019,12/10/2019,NA,3.701,27,0,35.5,0.129,0.782,40.15,51.4,-10.11,-13.32,1.402,0.150503105,0.022651185,1.29,7.82,F1.101,F1.114,38,73,66,101,0.052741248,5.274124794
4,F2.201,1004,1,D,1,D1,201,D1_201,11.3,14.3,22.3,22.28,25.58,15/10/2019,25/11/2019,NA,1.691,1,3,48.5,0.2,0.799,39.08,48.1,-10.98,-13.9,1.435,-1.491348947,2.224121681,2,7.99,F1.101,F1.114,76,117,104,145,0.007269546,0.726954637
5,F2.201,1125,1,E,11,E11,201,E11_201,27,29.1,26.2,19,80.7,9/09/2019,11/10/2019,NA,2.217,15,1,35,0.221,0.771,41.12,48.8,-7.91,-8.29,1.0475,1.372770743,1.884499513,2.21,7.71,F1.101,F1.114,40,72,68,100,0.076121031,7.612103137
6,F2.201,1104,1,H,9,H9,201,H9_201,23.5,26.8,25,18.07,75.72,7/09/2019,2/10/2019,NA,3.957,18,0,36.5,0.198,0.787,40.35,51.4,-5.3,-6.97,1.5955,0.734272723,0.539156432,1.98,7.87,F1.101,F1.114,38,63,66,91,0.075409959,7.540995904
7,F2.201,1143,1,K,12,K12,201,K12_201,28,30.6,27.1,22.4,65.2,11/09/2019,NA,28/09/2019,NA,NA,NA,34.1,0.086,0.716,40.75,47.75,-13.16,-16.15,1.394,1.555198749,2.418643148,0.86,7.16,F1.101,F1.114,42,NA,70,NA,0.056231501,5.623150053
8,F2.201,1019,1,G,2,G2,201,G2_201,12.4,16,22.2,19,40.44,24/09/2019,7/11/2019,NA,4.407,7,14,45.7,0.372,0.799,37.92,46.65,-8.15,-9.97,1.3755,-1.29067814,1.665850062,3.72,7.99,F1.101,F1.114,55,99,83,127,0.039756864,3.975686395
9,F2.201,1045,1,I,4,I4,201,I4_201,15.4,19.6,22.9,16.23,39.22,24/09/2019,21/10/2019,NA,2.213,5,3,46.5,0.3,0.799,39.94,48.05,-13.45,-7.11,0.755,-0.743394123,0.552634823,3,7.99,F1.101,F1.114,55,82,83,110,0.046438181,4.643818101
10,F2.201,1050,1,B,5,B5,201,B5_201,16.9,21.5,22.7,17.7,69.84,9/09/2019,4/11/2019,NA,6.176,5,19,29.5,0.147,0.755,41.65,49.8,-14.69,-15.03,1.5985,-0.469752115,0.220667049,1.47,7.55,F1.101,F1.114,40,96,68,124,0.07224433,7.22443301
11,F2.201,1090,1,F,8,F8,201,F8_201,21.8,26.2,25.2,20.73,95.3,1/09/2019,6/10/2019,NA,3.751,29,2,37.8,0.16,0.773,40.28,49.2,-7.87,-8.13,1.1335,0.424145113,0.179899077,1.6,7.73,F1.101,F1.114,32,67,60,95,0.080286731,8.028673075
12,F2.201,1027,1,C,3,C3,201,C3_201,13.4,18.3,21,14.45,50.34,15/09/2019,15/10/2019,NA,4.145,10,1,34.9,0.167,0.778,38.55,47.8,-13.18,-12.77,1.169,-1.108250135,1.228218361,1.67,7.78,F1.101,F1.114,46,76,74,104,0.065689767,6.568976711
49,F2.206,1071,1,K,6,K6,206,K6_206,18.7,22.9,23.9,26.16,84.08,5/09/2019,16/10/2019,NA,5.37,14,3,36.7,0.28,0.783,40.74,49.1,-8.77,-12.06,1.8695,-0.141381704,0.019988786,2.8,7.83,F1.108,F1.123,36,77,64,105,0.061449326,6.144932631
50,F2.206,1123,1,C,11,C11,206,C11_206,27,29.1,26.2,24.18,114.48,3/09/2019,2/10/2019,NA,5.272,20,7,34.3,0.171,0.751,42.54,48.8,-10.12,-10.69,1.7655,1.372770743,1.884499513,1.71,7.51,F1.108,F1.123,34,63,62,91,0.081835489,8.183548895
51,F2.206,1096,1,L,8,L8,206,L8_206,21.8,26.2,25.2,25.89,97.22,11/09/2019,26/09/2019,NA,2.36,9,0,39,0.174,0.771,41.52,49.55,-10.06,-13.63,1.2295,0.424145113,0.179899077,1.74,7.71,F1.108,F1.123,42,57,70,85,0.069637877,6.963787673
52,F2.206,1134,1,B,12,B12,206,B12_206,28,30.6,27.1,18.99,90.36,30/08/2019,6/10/2019,NA,3.493,20,4,35.7,0.182,0.774,42.03,50.5,-11.17,-11.84,1.352,1.555198749,2.418643148,1.82,7.74,F1.108,F1.123,30,67,58,95,0.08209943,8.209942983
53,F2.206,1006,1,F,1,F1,206,F1_206,11.3,14.3,22.3,20.41,27.68,6/10/2019,no flowers,NA,1.471,0,2,48.6,0.268,0.798,40.84,50.35,-9.81,-10.66,1.385,-1.491348947,2.224121681,2.68,7.98,F1.108,F1.123,67,NA,95,NA,0.016036061,1.603606073
54,F2.206,1056,1,H,5,H5,206,H5_206,16.9,21.5,22.7,22.4,75,5/09/2019,30/09/2019,NA,5.864,13,6,44,0.361,0.783,41,50.25,-13.33,-13.66,1.3185,-0.469752115,0.220667049,3.61,7.83,F1.108,F1.123,36,61,64,89,0.063601429,6.360142919
55,F2.206,1113,1,E,10,E10,206,E10_206,25,28.4,26.1,20.87,96.48,7/09/2019,12/10/2019,20/10/2019,NA,NA,NA,39.6,0.164,0.792,40.14,50.7,-12.42,-13.11,1.0135,1.007914732,1.015892106,1.64,7.92,F1.108,F1.123,38,73,66,101,0.080580159,8.058015852
56,F2.206,1037,1,A,4,A4,206,A4_206,15.4,19.6,22.9,20.74,55.26,7/09/2019,17/10/2019,NA,4.426,12,1,30.1,0.128,0.801,39.3,47.75,-10.13,-10.44,1.0105,-0.743394123,0.552634823,1.28,8.01,F1.108,F1.123,38,78,66,106,0.051578164,5.157816404
57,F2.206,1021,1,I,2,I2,206,I2_206,12.4,16,22.2,22,52.6,20/09/2019,14/10/2019,NA,2.118,3,0,39.3,0.219,0.79,42.11,50.15,-12.6,-13.75,1.5435,-1.29067814,1.665850062,2.19,7.9,F1.108,F1.123,51,75,79,103,0.045877561,4.587756139
58,F2.206,1082,1,J,7,J7,206,J7_206,20.3,24.3,22.3,21.82,82.92,7/09/2019,13/10/2019,17/10/2019,NA,NA,NA,32.5,0.114,0.794,39.63,47.6,-4.45,-10.33,1.0175,0.150503105,0.022651185,1.14,7.94,F1.108,F1.123,38,74,66,102,0.070265753,7.026575301
59,F2.206,1028,1,D,3,D3,206,D3_206,13.4,18.3,21,26.34,46.86,7/09/2019,2/10/2019,NA,2.685,9,5,34.4,0.231,0.769,41.75,49.5,-15.14,-16.11,1.432,-1.108250135,1.228218361,2.31,7.69,F1.108,F1.123,38,63,66,91,0.030319776,3.031977562
60,F2.206,1103,1,G,9,G9,206,G9_206,23.5,26.8,25,19.22,111.4,7/09/2019,14/10/2019,NA,4.204,20,1,37.2,0.133,0.779,41.06,50.85,-9.16,-15.62,1.085,0.734272723,0.539156432,1.33,7.79,F1.108,F1.123,38,75,66,103,0.092482943,9.248294337
85,F2.211,1055,1,G,5,G5,211,G5_211,16.9,21.5,22.7,23.5,63.38,no buds,no flowers,died,2.049,NA,NA,32.5,0.239,0.798,44.06,52.45,-13.11,-13.17,1.2065,-0.469752115,0.220667049,2.39,7.98,F1.109,F1.103,NA,NA,NA,NA,0.052218312,5.221831227
86,F2.211,1013,1,A,2,A2,211,A2_211,12.4,16,22.2,43,51.78,2/10/2019,28/11/2019,NA,1.751,2,3,38.5,0.319,0.799,40.41,50.5,-10.49,-12.51,1.05,-1.29067814,1.665850062,3.19,7.99,F1.109,F1.103,63,120,91,148,0.00977915,0.977915045
87,F2.211,1095,1,K,8,K8,211,K8_211,21.8,26.2,25.2,29.23,90.7,1/09/2019,24/09/2019,NA,2.701,13,0,34.1,0.119,0.781,40.56,51.05,-13.3,-13.92,1.239,0.424145113,0.179899077,1.19,7.81,F1.109,F1.103,32,55,60,83,0.059597988,5.959798832
88,F2.211,1046,1,J,4,J4,211,J4_211,15.4,19.6,22.9,22.69,65.6,18/09/2019,21/10/2019,NA,2.946,7,5,46.3,0.267,0.799,37.65,46.3,-6.43,-12.64,1.0215,-0.743394123,0.552634823,2.67,7.99,F1.109,F1.103,49,82,77,110,0.055876389,5.587638932
89,F2.211,1111,1,C,10,C10,211,C10_211,25,28.4,26.1,28.07,115.2,5/09/2019,12/10/2019,NA,2.137,8,1,NA,0.08,0.725,40.86,48.05,-8.84,-14.45,0.962,1.007914732,1.015892106,0.8,7.25,F1.109,F1.103,36,73,64,101,0.074314124,7.43141241
90,F2.211,1012,1,L,1,L1,211,L1_211,11.3,14.3,22.3,20.13,24.68,15/10/2019,no flowers,NA,1.913,0,1,39.5,0.217,0.798,39.1,48.6,-11.21,-11.54,1.1615,-1.491348947,2.224121681,2.17,7.98,F1.109,F1.103,76,NA,104,NA,0.010725366,1.072536628
91,F2.211,1140,1,H,12,H12,211,H12_211,28,30.6,27.1,31.78,92.06,29/08/2019,24/09/2019,NA,0.805,7,0,37.8,0.095,0.795,41.76,50.3,-14.01,-15.31,1.3475,1.555198749,2.418643148,0.95,7.95,F1.109,F1.103,29,55,57,83,0.055979125,5.597912512
92,F2.211,1077,1,E,7,E7,211,E7_211,20.3,24.3,22.3,27.82,106.42,9/09/2019,12/10/2019,NA,2.913,21,0,37.3,0.193,0.76,41.71,48,-9.48,-10.56,1.1785,0.150503105,0.022651185,1.93,7.6,F1.109,F1.103,40,73,68,101,0.070612544,7.061254435
93,F2.211,1030,1,F,3,F3,211,F3_211,13.4,18.3,21,20.03,42.56,16/09/2019,6/11/2019,NA,3.292,6,7,32.5,0.267,0.769,39.37,47.15,-13.33,-12.68,1.0725,-1.108250135,1.228218361,2.67,7.69,F1.109,F1.103,47,98,75,126,0.039667563,3.966756291
94,F2.211,1124,1,D,11,D11,211,D11_211,27,29.1,26.2,27.74,101.56,1/09/2019,9/10/2019,NA,2.405,7,7,30.1,0.082,0.754,40.53,48.5,-9.77,-10.26,1.018,1.372770743,1.884499513,0.82,7.54,F1.109,F1.103,32,70,60,98,0.068303913,6.830391273
95,F2.211,1105,1,I,9,I9,211,I9_211,23.5,26.8,25,31.41,123.68,28/08/2019,14/09/2019,NA,3.177,22,7,30.4,0.103,0.764,39.24,48.05,-9.08,-10.7,1.238,0.734272723,0.539156432,1.03,7.64,F1.109,F1.103,28,45,56,73,0.07213533,7.213533007
96,F2.211,1062,1,B,6,B6,211,B6_211,18.7,22.9,23.9,27.75,81.8,15/09/2019,17/10/2019,NA,3.64,11,3,40.6,0.154,0.772,41.27,50.95,-10.03,-15.12,1.2925,-0.141381704,0.019988786,1.54,7.72,F1.109,F1.103,46,78,74,106,0.056896916,5.689691597
122,F2.215,1068,1,H,6,H6,215,H6_215,18.7,22.9,23.9,23.94,94.5,3/09/2019,21/10/2019,NA,4.482,9,9,35.6,0.123,0.748,39.28,46.05,-6.98,-7.85,1.346,-0.141381704,0.019988786,1.23,7.48,F1.111,F1.109,34,82,62,110,0.072265744,7.226574391
123,F2.215,1097,1,A,9,A9,215,A9_215,23.5,26.8,25,25.22,88.66,26/08/2019,14/09/2019,NA,2.168,16,3,35,0.156,0.807,40.03,49.45,-8.28,-10.35,1.307,0.734272723,0.539156432,1.56,8.07,F1.111,F1.109,26,45,54,73,0.066166921,6.616692099
124,F2.215,1047,1,K,4,K4,215,K4_215,15.4,19.6,22.9,21.37,48.44,9/09/2019,21/10/2019,NA,3.571,19,1,35.8,0.135,0.776,39.27,49.1,-16.72,-13.13,0.9615,-0.743394123,0.552634823,1.35,7.76,F1.111,F1.109,40,82,68,110,0.043070413,4.307041312
125,F2.215,1086,1,B,8,B8,215,B8_215,21.8,26.2,25.2,25.24,101.3,1/09/2019,NA,28/09/2019,NA,NA,NA,31,0.084,0.768,42.95,53.2,-9.46,-9.99,1.3495,0.424145113,0.179899077,0.84,7.68,F1.111,F1.109,32,NA,60,NA,0.073139809,7.313980914
126,F2.215,1036,1,L,3,L3,215,L3_215,13.4,18.3,21,29.047,63.24,18/09/2019,27/10/2019,NA,4.86,10,6,46,0.147,0.774,38.78,48.15,-10.6,-12.02,1.219,-1.108250135,1.228218361,1.47,7.74,F1.111,F1.109,49,88,77,116,0.040948516,4.094851603
127,F2.215,1041,1,E,4,E4,215,E4_215,15.4,19.6,22.9,20.94,59.8,7/09/2019,26/09/2019,NA,3.941,10,4,41.7,0.175,0.776,39.48,49.15,-9.34,-12.85,1.3245,-0.743394123,0.552634823,1.75,7.76,F1.111,F1.109,38,57,66,85,0.055228656,5.522865555
128,F2.215,1022,1,J,2,J2,215,J2_215,12.4,16,22.2,18.43,42.74,15/10/2019,no flowers,NA,NA,0,4,42.7,0.319,0.794,39.34,49.7,-7.03,-10.53,1.0835,-1.29067814,1.665850062,3.19,7.94,F1.111,F1.109,76,NA,104,NA,0.044271341,4.427134096
129,F2.215,1011,1,K,1,K1,215,K1_215,11.3,14.3,22.3,26.34,37.42,22/10/2019,no flowers,NA,1.912,0,4,44.9,0.267,0.802,38.09,47.8,-13.82,-14.42,1.25,-1.491348947,2.224121681,2.67,8.02,F1.111,F1.109,83,NA,111,NA,0.018479822,1.847982234
130,F2.215,1057,1,I,5,I5,215,I5_215,16.9,21.5,22.7,29.05,81.68,7/09/2019,21/10/2019,NA,4.658,10,12,31,0.147,0.788,38.82,48.45,NA,NA,1.1205,-0.469752115,0.220667049,1.47,7.88,F1.111,F1.109,38,82,66,110,0.054410036,5.441003635
131,F2.215,1075,1,C,7,C7,215,C7_215,20.3,24.3,22.3,19.68,104.74,3/09/2019,NA,31/10/2019,NA,NA,NA,30,0.119,0.755,40.83,47.3,-12.63,-12.98,1.265,0.150503105,0.022651185,1.19,7.55,F1.111,F1.109,34,NA,62,NA,0.087993589,8.799358933
132,F2.215,1126,1,F,11,F11,215,F11_215,27,29.1,26.2,29.85,103.62,5/09/2019,11/10/2019,NA,3.146,16,3,35.7,0.115,0.78,41.12,49.55,-11.94,-11.96,0.9725,1.372770743,1.884499513,1.15,7.8,F1.111,F1.109,36,72,64,100,0.065502396,6.550239587
133,F2.215,1139,1,G,12,G12,215,G12_215,28,30.6,27.1,18,96.86,3/09/2019,14/10/2019,25/10/2019,NA,NA,NA,37.2,0.221,0.771,42.24,50.8,-9.65,-13.74,1.4985,1.555198749,2.418643148,2.21,7.71,F1.111,F1.109,34,75,62,103,0.088573415,8.857341469
134,F2.215,1112,1,D,10,D10,215,D10_215,25,28.4,26.1,24.47,97.62,29/08/2019,NA,28/09/2019,NA,NA,NA,29.9,0.133,0.757,41.17,50.25,-3.95,-5.11,1.525,1.007914732,1.015892106,1.33,7.57,F1.111,F1.109,29,NA,57,NA,0.072822869,7.282286911
147,F2.220,1017,1,E,2,E2,220,E2_220,12.4,16,22.2,55.23,115.32,20/08/2019,3/09/2019,NA,4.87,18,3,48.3,0.21,0.793,39.83,48.75,-9.16,-9.6,2.128,-1.29067814,1.665850062,2.1,7.93,F1.118,F1.153,20,34,48,62,0.03874761,3.874760994
148,F2.220,1106,1,J,9,J9,220,J9_220,23.5,26.8,25,23.27,81.34,7/09/2019,14/10/2019,NA,2.688,13,1,30.6,0.162,0.772,40.64,49.45,-13.73,-10.26,1.6095,0.734272723,0.539156432,1.62,7.72,F1.118,F1.153,38,75,66,103,0.065866996,6.586699596
149,F2.220,1132,1,L,11,L11,220,L11_220,27,29.1,26.2,52.19,136.8,21/08/2019,5/09/2019,NA,3.855,28,4,41,0.137,0.785,42.53,52.95,-3.53,-6.13,1.625,1.372770743,1.884499513,1.37,7.85,F1.118,F1.153,21,36,49,64,0.050717321,5.071732103
150,F2.220,1114,1,F,10,F10,220,F10_220,25,28.4,26.1,20.77,104.12,1/09/2019,25/09/2019,NA,3.412,16,5,34.6,0.231,0.795,41.13,51.9,-11.06,-11.85,1.246,1.007914732,1.015892106,2.31,7.95,F1.118,F1.153,32,56,60,84,0.084843918,8.484391801
151,F2.220,1039,1,C,4,C4,220,C4_220,15.4,19.6,22.9,46.11,142.58,19/08/2019,2/09/2019,NA,4.207,21,3,39.1,0.094,0.782,41.54,51.75,-13.82,-15.97,1.666,-0.743394123,0.552634823,0.94,7.82,F1.118,F1.153,19,33,47,61,0.059414389,5.941438945
152,F2.220,1141,1,I,12,I12,220,I12_220,28,30.6,27.1,24.51,105.8,1/09/2019,28/09/2019,NA,4.293,17,0,40.7,0.167,0.785,46.68,57.2,-14.05,-14.26,1.7125,1.555198749,2.418643148,1.67,7.85,F1.118,F1.153,32,59,60,87,0.07697207,7.697206957
153,F2.220,1002,1,B,1,B1,220,B1_220,11.3,14.3,22.3,52.65,81.78,3/09/2019,24/09/2019,NA,4.911,12,1,42.1,0.274,0.8,40.56,50.15,-11.09,-13.27,1.998,-1.491348947,2.224121681,2.74,8,F1.118,F1.153,34,55,62,83,0.023177183,2.317718297
154,F2.220,1049,1,A,5,A5,220,A5_220,16.9,21.5,22.7,59.52,171.26,19/08/2019,4/09/2019,NA,4.839,22,1,40.5,0.173,0.79,40.07,49.5,NA,-14.53,2.28,-0.469752115,0.220667049,1.73,7.9,F1.118,F1.153,19,35,47,63,0.055624762,5.562476206
155,F2.220,1092,1,H,8,H8,220,H8_220,21.8,26.2,25.2,21.66,161.92,16/08/2019,27/08/2019,NA,3.622,21,1,38.2,0.154,0.77,40.67,46.45,-9.64,-14.1,1.9765,0.424145113,0.179899077,1.54,7.7,F1.118,F1.153,16,27,44,55,0.105875534,10.58755339
156,F2.220,1076,1,D,7,D7,220,D7_220,20.3,24.3,22.3,20.89,111.38,7/09/2019,13/10/2019,NA,3.074,17,0,37.5,0.24,0.777,40.85,50.3,-8.72,-9.72,1.312,0.150503105,0.022651185,2.4,7.77,F1.118,F1.153,38,74,66,102,0.088088274,8.808827382
157,F2.220,1035,1,K,3,K3,220,K3_220,13.4,18.3,21,17.6,45.4,24/09/2019,7/11/2019,NA,2.956,3,2,31.1,0.152,0.787,39.86,47.95,-8.01,-9.88,1.127,-1.108250135,1.228218361,1.52,7.87,F1.118,F1.153,55,99,83,127,0.049874379,4.987437911
158,F2.220,1067,1,G,6,G6,220,G6_220,18.7,22.9,23.9,42.71,110.76,3/09/2019,28/09/2019,NA,5.045,12,3,33.8,0.246,0.805,41.15,51.6,-13.6,-13.6,1.199,-0.141381704,0.019988786,2.46,8.05,F1.118,F1.153,34,59,62,87,0.050154348,5.015434808
183,F2.224,1133,1,A,12,A12,224,A12_224,28,30.6,27.1,26.99,95.96,3/09/2019,13/10/2019,NA,2.303,13,0,36.6,0.209,0.745,43.7,49.8,-15.34,-10.09,1.3075,1.555198749,2.418643148,2.09,7.45,F1.123,F1.101,34,74,62,102,0.066761316,6.676131637
184,F2.224,1015,1,C,2,C2,224,C2_224,12.4,16,22.2,29.94,64.48,14/09/2019,28/09/2019,NA,4.076,7,1,37,0.22,0.798,39.85,50.85,-6.48,-7.21,1.525,-1.29067814,1.665850062,2.2,7.98,F1.123,F1.101,45,59,73,87,0.040376827,4.037682733
185,F2.224,1058,1,J,5,J5,224,J5_224,16.9,21.5,22.7,46.01,107.04,23/08/2019,9/09/2019,NA,6.203,14,4,45.9,0.266,0.788,40.94,51.9,-13.91,-12.88,1.639,-0.469752115,0.220667049,2.66,7.88,F1.123,F1.101,23,40,51,68,0.044439149,4.443914906
186,F2.224,1120,1,L,10,L10,224,L10_224,25,28.4,26.1,38.26,90.66,5/09/2019,12/10/2019,NA,3.651,17,0,45.4,0.173,0.76,43.47,51.9,-12.63,-15.78,2.006,1.007914732,1.015892106,1.73,7.6,F1.123,F1.101,36,73,64,101,0.045405857,4.540585692
187,F2.224,1131,1,K,11,K11,224,K11_224,27,29.1,26.2,22.16,82.62,5/09/2019,2/10/2019,NA,3.811,25,0,34.4,0.142,0.764,40.03,48.5,-4.5,-5.02,1.2685,1.372770743,1.884499513,1.42,7.64,F1.123,F1.101,36,63,64,91,0.069261206,6.926120632
188,F2.224,1078,1,F,7,F7,224,F7_224,20.3,24.3,22.3,50.51,150.52,16/08/2019,28/08/2019,NA,2.549,22,0,49.1,0.141,0.779,38.91,49.2,-10.3,-14.48,1.6735,0.150503105,0.022651185,1.41,7.79,F1.123,F1.101,16,28,44,56,0.057469717,5.746971733
189,F2.224,1101,1,E,9,E9,224,E9_224,23.5,26.8,25,20.02,98.48,1/09/2019,NA,28/09/2019,NA,NA,NA,33.5,0.118,0.772,41.19,49.2,-11.19,-12.1,1.07,0.734272723,0.539156432,1.18,7.72,F1.123,F1.101,32,NA,60,NA,0.083848511,8.384851095
190,F2.224,1040,1,D,4,D4,224,D4_224,15.4,19.6,22.9,27.19,41.46,24/09/2019,24/10/2019,NA,2.032,2,4,35.5,0.095,0.786,40.23,50.2,-15.69,-14.32,1.262,-0.743394123,0.552634823,0.95,7.86,F1.123,F1.101,55,85,83,113,0.022204203,2.220420255
191,F2.224,1091,1,G,8,G8,224,G8_224,21.8,26.2,25.2,25.25,87.08,11/09/2019,21/10/2019,NA,3.73,6,5,34.4,0.189,0.797,42.89,51.4,NA,-13.27,1.7815,0.424145113,0.179899077,1.89,7.97,F1.123,F1.101,42,82,70,110,0.065157952,6.515795161
192,F2.224,1069,1,I,6,I6,224,I6_224,18.7,22.9,23.9,33.27,89.1,29/08/2019,24/09/2019,NA,5.792,13,0,42,0.276,0.755,40.56,48.6,-12.18,-12.53,1.351,-0.141381704,0.019988786,2.76,7.55,F1.123,F1.101,29,55,57,83,0.051847539,5.184753918
193,F2.224,1026,1,B,3,B3,224,B3_224,13.4,18.3,21,50.82,119.84,23/08/2019,15/09/2019,NA,3.312,5,1,39.9,0.2,0.778,42.05,51.45,-14.84,-14.4,1.535,-1.108250135,1.228218361,2,7.78,F1.123,F1.101,23,46,51,74,0.045150923,4.515092326
194,F2.224,1008,1,H,1,H1,224,H1_224,11.3,14.3,22.3,28.85,67.74,18/09/2019,23/10/2019,NA,2.223,7,4,53.3,0.356,0.811,40.07,51.9,-4.28,-12.41,2.1455,-1.491348947,2.224121681,3.56,8.11,F1.123,F1.101,49,84,77,112,0.044924571,4.492457129
195,F2.225,1084,1,L,7,L7,225,L7_225,20.3,24.3,22.3,16.02,83.34,9/09/2019,9/10/2019,NA,3.079,13,0,32.9,0.139,0.739,42.22,49.35,-14.22,-14.48,0.969,0.150503105,0.022651185,1.39,7.39,F1.126,F1.119,40,70,68,98,0.086794247,8.679424654
196,F2.225,1142,1,J,12,J12,225,J12_225,28,30.6,27.1,19.75,69.62,18/09/2019,13/10/2019,NA,2.07,2,0,40.2,0.203,0.771,42.62,51.65,-12.37,-12.06,1.4175,1.555198749,2.418643148,2.03,7.71,F1.126,F1.119,49,74,77,102,0.066310442,6.631044163
197,F2.225,1032,1,H,3,H3,225,H3_225,13.4,18.3,21,17.29,66.48,15/09/2019,4/10/2019,NA,3.159,6,3,40.3,0.271,0.799,39.63,50.1,-10.87,-11.89,1.4755,-1.108250135,1.228218361,2.71,7.99,F1.126,F1.119,46,65,74,93,0.070882782,7.088278162
198,F2.225,1042,1,F,4,F4,225,F4_225,15.4,19.6,22.9,16.37,61.08,11/09/2019,21/10/2019,NA,4.847,14,1,38.9,0.248,0.795,38.59,47.7,NA,-11.22,1.019,-0.743394123,0.552634823,2.48,7.95,F1.126,F1.119,42,82,70,110,0.069301794,6.930179416
199,F2.225,1016,1,D,2,D2,225,D2_225,12.4,16,22.2,15.55,44.86,24/09/2019,1/11/2019,NA,2.086,4,0,39.7,0.229,0.779,40.56,48.45,-11.92,-10.26,1.042,-1.29067814,1.665850062,2.29,7.79,F1.126,F1.119,55,93,83,121,0.055762415,5.576241529
200,F2.225,1053,1,E,5,E5,225,E5_225,16.9,21.5,22.7,19.74,76,5/09/2019,17/10/2019,NA,3.836,8,1,39.4,0.095,0.765,37.89,44.35,-6.03,-7.82,1.5225,-0.469752115,0.220667049,0.95,7.65,F1.126,F1.119,36,78,64,106,0.070951911,7.095191086
201,F2.225,1093,1,I,8,I8,225,I8_225,21.8,26.2,25.2,14.35,83.06,12/09/2019,13/10/2019,NA,2.538,12,2,32.7,0.153,0.764,41.83,48.85,-9.98,-2.54,1.104,0.424145113,0.179899077,1.53,7.64,F1.126,F1.119,43,74,71,102,0.092411226,9.241122611
202,F2.225,1007,1,G,1,G1,225,G1_225,11.3,14.3,22.3,17,42.24,18/09/2019,14/11/2019,NA,3.214,6,3,42.5,0.251,0.803,39.05,48.6,-10.68,-12.17,1.53,-1.491348947,2.224121681,2.51,8.03,F1.126,F1.119,49,106,77,134,0.047902858,4.790285765
203,F2.225,1099,1,C,9,C9,225,C9_225,23.5,26.8,25,17.41,110.44,7/09/2019,26/09/2019,NA,3.691,17,1,35.6,0.185,0.766,41.42,48.95,NA,NA,1.389,0.734272723,0.539156432,1.85,7.66,F1.126,F1.119,38,57,66,85,0.097233033,9.723303333
204,F2.225,1122,1,B,11,B11,225,B11_225,27,29.1,26.2,17.21,98.5,7/09/2019,10/10/2019,NA,1.083,27,0,37.2,0.199,0.788,40.76,48,-8.01,-9.15,1.4195,1.372770743,1.884499513,1.99,7.88,F1.126,F1.119,38,71,66,99,0.09181926,9.181925989
205,F2.225,1061,1,A,6,A6,225,A6_225,18.7,22.9,23.9,14.47,55.04,16/09/2019, 2019/9/24 ,NA,4.988,12,5,36.8,0.117,0.749,43.25,50.55,-13.58,-14.05,NA,-0.141381704,0.019988786,1.17,7.49,F1.126,F1.119,47,NA,75,NA,0.070314876,7.031487647
206,F2.225,1119,1,K,10,K10,225,K10_225,25,28.4,26.1,17.7,84.52,9/09/2019,7/10/2019,NA,3.346,11,0,31,0.138,0.692,43.17,50.9,-12.02,-13.46,1.094,1.007914732,1.015892106,1.38,6.92,F1.126,F1.119,40,68,68,96,0.08228545,8.228545017
207,F2.225,1033,1,I,3,I3,225,I3_225,13.4,18.3,21,24.73,59.72,16/09/2019,13/11/2019,NA,3.056,3,6,37.4,0.194,0.784,39.65,49,-12.95,-11.9,1.2985,-1.108250135,1.228218361,1.94,7.84,F1.126,F1.119,47,105,75,133,0.046402626,4.640262585
254,F2.234,1074,1,B,7,B7,234,B7_234,20.3,24.3,22.3,25.33,88.48,7/09/2019,24/09/2019,NA,5.403,27,1,36.1,0.168,0.783,39.77,48.7,-10.32,-10.79,1.0595,0.150503105,0.022651185,1.68,7.83,F1.135,F1.104,38,55,66,83,0.065830899,6.583089862
255,F2.234,1052,1,D,5,D5,234,D5_234,16.9,21.5,22.7,19.42,72.46,7/09/2019,4/10/2019,NA,3.453,6,7,37.2,0.198,0.749,40.94,47.85,-10.58,-12.29,1.482,-0.469752115,0.220667049,1.98,7.49,F1.135,F1.104,38,65,66,93,0.069301643,6.930164329
256,F2.234,1094,1,J,8,J8,234,J8_234,21.8,26.2,25.2,23.8,113.44,31/08/2019,24/09/2019,NA,3.662,23,1,30.9,0.145,0.791,39.34,48.85,-15.66,-12.64,1.502,0.424145113,0.179899077,1.45,7.91,F1.135,F1.104,31,55,59,83,0.082188867,8.218886748
257,F2.234,1065,1,E,6,E6,234,E6_234,18.7,22.9,23.9,25.7,74.68,7/09/2019,21/10/2019,NA,2.966,2,8,33.3,0.15,0.738,38.58,48.3,-11.04,-11.48,1.091,-0.141381704,0.019988786,1.5,7.38,F1.135,F1.104,38,82,66,110,0.056143228,5.614322772
258,F2.234,1127,1,G,11,G11,234,G11_234,27,29.1,26.2,21.54,108.38,1/09/2019,9/10/2019,NA,3.829,26,3,33.5,0.193,0.8,41.3,49.1,-13.46,-13.87,1.143,1.372770743,1.884499513,1.93,8,F1.135,F1.104,32,70,60,98,0.085038521,8.503852097
259,F2.234,1116,1,H,10,H10,234,H10_234,25,28.4,26.1,21.48,124.06,1/09/2019,24/09/2019,NA,5.364,24,7,35.5,0.23,0.789,41.05,50.55,-10.14,-11.33,1.5575,1.007914732,1.015892106,2.3,7.89,F1.135,F1.104,32,55,60,83,0.092297003,9.229700263
260,F2.234,1102,1,F,9,F9,234,F9_234,23.5,26.8,25,16.94,101.24,9/09/2019,NA,28/09/2019,NA,NA,NA,33.1,0.137,0.786,39.61,47.75,-9.74,-10.82,1.2505,0.734272723,0.539156432,1.37,7.86,F1.135,F1.104,40,NA,68,NA,0.094095592,9.409559192
261,F2.234,1135,1,C,12,C12,234,C12_234,28,30.6,27.1,17.36,98.36,5/09/2019,11/10/2019,NA,1.841,12,2,31.8,0.114,0.794,42.05,50.5,-9.39,-16.22,1.467,1.555198749,2.418643148,1.14,7.94,F1.135,F1.104,36,72,64,100,0.091287658,9.128765832
262,F2.234,1024,1,L,2,L2,234,L2_234,12.4,16,22.2,16.11,46.72,18/09/2019,14/11/2019,NA,4.166,5,4,38.9,0.281,0.788,39.5,46.65,-9.04,-11.24,1.279,-1.29067814,1.665850062,2.81,7.88,F1.135,F1.104,49,106,77,134,0.056038534,5.603853375
288,F2.240,1121,1,A,11,A11,240,A11_240,27,29.1,26.2,26.36,89.96,29/08/2019,11/10/2019,NA,1.846,16,1,40.1,0.152,0.781,42.16,51,-5.06,-8.31,1.1695,1.372770743,1.884499513,1.52,7.81,F1.142,F1.141,29,72,57,100,0.06460618,6.460617987
289,F2.240,1044,1,H,4,H4,240,H4_240,15.4,19.6,22.9,20.86,71.7,9/09/2019,26/09/2019,NA,4.515,15,7,35.4,0.209,0.791,37.34,46.6,-11.28,-11.65,1.114,-0.743394123,0.552634823,2.09,7.91,F1.142,F1.141,40,57,68,85,0.064981963,6.498196305
290,F2.240,1064,1,D,6,D6,240,D6_240,18.7,22.9,23.9,31.24,106.34,29/08/2019,20/10/2019,NA,3.798,11,7,44.7,0.137,0.738,39.56,47.4,-12.5,-12.8,1.1085,-0.141381704,0.019988786,1.37,7.38,F1.142,F1.141,29,81,57,109,0.064470641,6.447064122
291,F2.240,1138,1,F,12,F12,240,F12_240,28,30.6,27.1,28.17,106.28,27/08/2019,24/09/2019,28/09/2019,NA,NA,NA,41.9,0.23,0.772,42.34,50.7,-12.59,-14.13,1.874,1.555198749,2.418643148,2.3,7.72,F1.142,F1.141,27,55,55,83,0.069885239,6.988523889
292,F2.240,1107,1,K,9,K9,240,K9_240,23.5,26.8,25,27.14,134.94,21/08/2019,9/09/2019,NA,2.477,12,2,42.7,0.204,0.768,40.33,48.75,NA,NA,1.6625,0.734272723,0.539156432,2.04,7.68,F1.142,F1.141,21,40,49,68,0.084411662,8.441166215
293,F2.240,1060,1,L,5,L5,240,L5_240,16.9,21.5,22.7,24.52,67.94,5/09/2019,16/10/2019,NA,2.029,7,7,47.8,0.236,0.756,40.78,49.7,-11.66,-11.89,0.5465,-0.469752115,0.220667049,2.36,7.56,F1.142,F1.141,36,77,64,105,0.053638729,5.363872903
294,F2.240,1117,1,I,10,I10,240,I10_240,25,28.4,26.1,25.24,90.1,26/08/2019,14/09/2019,NA,2.117,25,7,42.3,0.164,0.708,41.27,49.1,-9.4,-10.32,1.3095,1.007914732,1.015892106,1.64,7.08,F1.142,F1.141,26,45,54,73,0.066973165,6.697316458
295,F2.240,1034,1,J,3,J3,240,J3_240,13.4,18.3,21,30.32,45.96,15/09/2019,28/09/2019,NA,3.652,9,2,35.1,0.222,0.784,38.82,48.25,-12.69,-13.45,1.2585,-1.108250135,1.228218361,2.22,7.84,F1.142,F1.141,46,59,74,87,0.021892836,2.189283643
296,F2.240,1087,1,C,8,C8,240,C8_240,21.8,26.2,25.2,20.76,93.82,30/08/2019,24/09/2019,28/09/2019,NA,NA,NA,39.5,0.168,0.77,42.33,52.7,-3.9,-7.18,1.3125,0.424145113,0.179899077,1.68,7.7,F1.142,F1.141,30,55,58,83,0.079386842,7.938684182
297,F2.240,1005,1,E,1,E1,240,E1_240,11.3,14.3,22.3,22.45,42.08,25/09/2019,16/11/2019,NA,3.14,8,5,46.2,0.221,0.798,37.65,46.8,-11.61,-14.01,1.545,-1.491348947,2.224121681,2.21,7.98,F1.142,F1.141,56,108,84,136,0.033067471,3.306747128
298,F2.240,1079,1,G,7,G7,240,G7_240,20.3,24.3,22.3,24.65,103.3,1/09/2019,26/09/2019,NA,2.511,10,2,37.8,0.239,0.736,41.17,50.7,-11.11,-11.79,1.2815,0.150503105,0.022651185,2.39,7.36,F1.142,F1.141,32,57,60,85,0.075413709,7.541370924
299,F2.240,1014,1,B,2,B2,240,B2_240,12.4,16,22.2,22.55,54.32,14/09/2019,28/09/2019,NA,2.069,6,0,39.7,0.194,0.788,39.51,49.7,-14.27,-14.9,1.0375,-1.29067814,1.665850062,1.94,7.88,F1.142,F1.141,45,59,73,87,0.046271443,4.627144302
384,F2.256,1031,1,G,3,G3,256,G3_256,13.4,18.3,21,25,44.88,24/09/2019,20/10/2019,NA,3.177,4,2,34.2,0.106,0.783,39.69,45.85,-9.4,-10.37,1.098,-1.108250135,1.228218361,1.06,7.83,F1.135,F1.131,55,81,83,109,0.030795602,3.079560191
385,F2.256,1070,1,J,6,J6,256,J6_256,18.7,22.9,23.9,15.74,74.6,18/09/2019,22/10/2019,NA,5.793,8,9,33.2,0.171,0.786,39.54,48.7,-9.46,-9.76,1.303,-0.141381704,0.019988786,1.71,7.86,F1.135,F1.131,49,83,77,111,0.08189133,8.18913297
386,F2.256,1048,1,L,4,L4,256,L4_256,15.4,19.6,22.9,16.9,50.98,15/09/2019,209/10/4,NA,3.73,7,3,35.8,0.158,0.779,38.91,49.7,-10.15,-10.26,1.3005,-0.743394123,0.552634823,1.58,7.79,F1.135,F1.131,46,NA,74,NA,0.058111567,5.811156721
387,F2.256,1128,1,H,11,H11,256,H11_256,27,29.1,26.2,19.27,70.24,22/09/2019,8/10/2019,NA,3.086,20,8,29.6,0.105,0.747,NA,45.15,NA,-11.81,1.656,1.372770743,1.884499513,1.05,7.47,F1.135,F1.131,53,69,81,97,0.068072025,6.807202457
388,F2.256,1085,1,A,8,A8,256,A8_256,21.8,26.2,25.2,18.7,98.52,9/09/2019,25/09/2019,NA,4.276,33,0,38.8,0.177,0.784,41.7,51.2,-13.69,-13.95,1.338,0.424145113,0.179899077,1.77,7.84,F1.135,F1.131,40,56,68,84,0.087459792,8.745979207
389,F2.256,1100,1,D,9,D9,256,D9_256,23.5,26.8,25,25.21,108.42,3/09/2019,20/10/2019,NA,2.564,22,1,39.7,0.177,0.77,41.21,50.85,-9.97,-12.07,1.682,0.734272723,0.539156432,1.77,7.7,F1.135,F1.131,34,81,62,109,0.076777465,7.677746488
390,F2.256,1051,1,C,5,C5,256,C5_256,16.9,21.5,22.7,33.33,76.56,9/09/2019,17/10/2019,NA,3.999,7,7,32.9,0.176,0.789,40.47,49.6,-12.62,-13.34,1.0905,-0.469752115,0.220667049,1.76,7.89,F1.135,F1.131,40,78,68,106,0.043769308,4.376930815
391,F2.256,1083,1,K,7,K7,256,K7_256,20.3,24.3,22.3,31.29,76.98,7/09/2019,4/10/2019,NA,3.228,23,1,34.7,0.089,0.777,41.82,50.05,-12.98,-12.97,1.482,0.150503105,0.022651185,0.89,7.77,F1.135,F1.131,38,65,66,93,0.047381426,4.73814258
392,F2.256,1009,1,I,1,I1,256,I1_256,11.3,14.3,22.3,15.43,23.36,18/09/2019,no flowers,NA,1.34,0,1,42.2,0.259,0.805,38.22,46.8,-8.41,-9.86,0.949,-1.491348947,2.224121681,2.59,8.05,F1.135,F1.131,49,NA,77,NA,0.021826921,2.182692061
393,F2.256,1137,1,E,12,E12,256,E12_256,28,30.6,27.1,21.52,86.58,5/09/2019,26/09/2019,NA,3.4,8,5,35.1,0.185,0.783,41.07,51.2,-6.92,-7.42,1.6765,1.555198749,2.418643148,1.85,7.83,F1.135,F1.131,36,57,64,85,0.07326769,7.326768983
394,F2.256,1110,1,B,10,B10,256,B10_256,25,28.4,26.1,25.48,117.58,3/09/2019,6/10/2019,NA,3.544,36,1,29.5,0.078,0.76,43.33,51.3,-8.33,-10.11,1.326,1.007914732,1.015892106,0.78,7.6,F1.135,F1.131,34,67,62,95,0.080485533,8.048553275
395,F2.256,1018,1,F,2,F2,256,F2_256,12.4,16,22.2,18.23,25.08,23/10/2019,no flowers,NA,1.546,0,1,37.7,0.296,0.795,37.94,47.5,-4.58,-14.04,0.9605,-1.29067814,1.665850062,2.96,7.95,F1.135,F1.131,84,NA,112,NA,0.016789586,1.678958564
396,F2.257,1001,1,A,1,A1,257,A1_257,11.3,14.3,22.3,14.4,29.42,20/10/2019,23/11/2019,NA,0.928,1,0,43.5,0.251,0.804,38.34,47,-12.88,-15.31,0.557,-1.491348947,2.224121681,2.51,8.04,F1.142,F1.126,81,115,109,143,0.037602448,3.760244782
397,F2.257,1136,1,D,12,D12,257,D12_257,28,30.6,27.1,20.66,65.62,5/09/2019,NA,28/09/2019,NA,NA,NA,43.4,0.179,0.784,43.48,52.35,-13.78,-14.04,1.3765,1.555198749,2.418643148,1.79,7.84,F1.142,F1.126,36,NA,64,NA,0.060825319,6.082531915
398,F2.257,1063,1,C,6,C6,257,C6_257,18.7,22.9,23.9,20.67,66.82,9/09/2019,25/09/2019,NA,5.327,13,6,40.8,0.199,0.791,39.42,48.15,-9.01,-9.38,1.482,-0.141381704,0.019988786,1.99,7.91,F1.142,F1.126,40,56,68,84,0.061753635,6.175363491
399,F2.257,1129,1,I,11,I11,257,I11_257,27,29.1,26.2,24.71,96.66,27/08/2019,2/10/2019,NA,1.774,14,9,39.8,0.248,0.747,41.88,49.4,-12.92,-13.48,1.182,1.372770743,1.884499513,2.48,7.47,F1.142,F1.126,27,63,55,91,0.071789034,7.178903402
400,F2.257,1089,1,E,8,E8,257,E8_257,21.8,26.2,25.2,18.11,75.18,1/09/2019,18/09/2019,NA,1.963,9,2,35.5,0.147,0.763,39.94,47.75,-5.58,-6.68,0.942,0.424145113,0.179899077,1.47,7.63,F1.142,F1.126,32,49,60,77,0.074916893,7.491689296
401,F2.257,1010,1,J,1,J1,257,J1_257,11.3,14.3,22.3,12.33,23.26,5/11/2019,no flowers,NA,1.071,0,1,40.4,0.314,0.783,NA,47.8,-10.06,-11.89,0.7865,-1.491348947,2.224121681,3.14,7.83,F1.142,F1.126,97,NA,125,NA,0.033405254,3.340525421
402,F2.257,1108,1,L,9,L9,257,L9_257,23.5,26.8,25,18.51,86.04,30/08/2019,6/10/2019,NA,1.624,13,2,52,0.226,0.762,41.94,49.55,-14.06,-14.72,1.094,0.734272723,0.539156432,2.26,7.62,F1.142,F1.126,30,67,58,95,0.080868483,8.086848304
403,F2.257,1025,1,A,3,A3,257,A3_257,13.4,18.3,21,19.55,43.46,15/09/2019,4/10/2019,NA,1.705,7,0,39.9,0.22,0.772,43.37,53.9,-10.75,-12.34,0.9315,-1.108250135,1.228218361,2.2,7.72,F1.142,F1.126,46,65,74,93,0.042045563,4.204556255
404,F2.257,1038,1,B,4,B4,257,B4_257,15.4,19.6,22.9,23.71,34.46,6/10/2019,25/10/2019,NA,1.621,6,1,34.8,0.152,0.791,40.35,51.7,-10.54,-10.39,1.49,-0.743394123,0.552634823,1.52,7.91,F1.142,F1.126,67,86,95,114,0.01967907,1.967907005
405,F2.257,1054,1,F,5,F5,257,F5_257,16.9,21.5,22.7,20.17,73.3,3/09/2019,26/09/2019,NA,3.467,11,11,41,0.165,0.787,40.73,49.8,-14.51,-15.05,1.5585,-0.469752115,0.220667049,1.65,7.87,F1.142,F1.126,34,57,62,85,0.067913908,6.791390826
406,F2.257,1023,1,K,2,K2,257,K2_257,12.4,16,22.2,17.62,32.74,15/09/2019,10/11/2019,NA,2.636,8,1,43.3,0.253,0.772,39.7,47.3,-8.32,-11.25,1.2265,-1.29067814,1.665850062,2.53,7.72,F1.142,F1.126,46,102,74,130,0.032608576,3.260857639
407,F2.257,1115,1,G,10,G10,257,G10_257,25,28.4,26.1,25.71,105.94,27/08/2019,14/09/2019,NA,4.3,35,11,32.9,0.073,0.793,41.05,50.45,-13.96,-15.02,1.133,1.007914732,1.015892106,0.73,7.93,F1.142,F1.126,27,45,55,73,0.074525941,7.452594078
408,F2.257,1080,1,H,7,H7,257,H7_257,20.3,24.3,22.3,15.96,72.88,3/09/2019,12/10/2019,NA,2.325,21,1,40.4,0.194,0.791,41.14,51.45,-8.42,-12.89,1.116,0.150503105,0.022651185,1.94,7.91,F1.142,F1.126,34,73,62,101,0.079933087,7.993308742
421,F2.265,1003,1,C,1,C1,265,C1_265,11.3,14.3,22.3,20.57,40.5,20/09/2019,7/11/2019,NA,2.55,2,3,45.3,0.183,0.788,38.53,46.5,-12.13,-13.83,1.2765,-1.491348947,2.224121681,1.83,7.88,F1.153,F1.150,51,99,79,127,0.035656225,3.565622476
422,F2.265,1098,1,B,9,B9,265,B9_265,23.5,26.8,25,21.68,121.3,1/09/2019,14/10/2019,NA,3.118,18,0,39.5,0.177,0.776,40.98,51.05,-10.72,-12.09,1.393,0.734272723,0.539156432,1.77,7.76,F1.153,F1.150,32,75,60,103,0.090625086,9.062508628
423,F2.265,1088,1,D,8,D8,265,D8_265,21.8,26.2,25.2,18.52,115.22,29/08/2019,11/10/2019,NA,2.658,8,0,33.2,0.188,0.757,42.25,51.6,-14.3,-14.89,1.2955,0.424145113,0.179899077,1.88,7.57,F1.153,F1.150,29,72,57,100,0.096210111,9.621011132
424,F2.265,1043,1,G,4,G4,265,G4_265,15.4,19.6,22.9,23.58,63.18,7/09/2019,24/09/2019,NA,5.261,6,0,38.4,0.178,0.787,39.53,45.55,-12.92,-14.11,1.141,-0.743394123,0.552634823,1.78,7.87,F1.153,F1.150,38,55,66,83,0.0518731,5.187310001
425,F2.265,1059,1,K,5,K5,265,K5_265,16.9,21.5,22.7,17.7,61.9,5/09/2019,30/09/2019,NA,4.092,12,0,34.7,0.208,0.776,37.68,46.5,-10.88,-11.22,1.2905,-0.469752115,0.220667049,2.08,7.76,F1.153,F1.150,36,61,64,89,0.065892397,6.589239685
426,F2.265,1029,1,E,3,E3,265,E3_265,13.4,18.3,21,20.25,60.46,15/09/2019,22/10/2019,NA,2.657,5,0,29.6,0.145,0.763,41.17,49.05,-12.15,-13.92,1.348,-1.108250135,1.228218361,1.45,7.63,F1.153,F1.150,46,83,74,111,0.057569852,5.756985241
427,F2.265,1144,1,L,12,L12,265,L12_265,28,30.6,27.1,25.43,97.34,3/09/2019,2/10/2019,NA,3.696,15,3,30.7,0.093,0.762,40.48,48.85,-12.53,-13.88,1.4695,1.555198749,2.418643148,0.93,7.62,F1.153,F1.150,34,63,62,91,0.070646338,7.064633816
428,F2.265,1109,1,A,10,A10,265,A10_265,25,28.4,26.1,29.95,120.52,29/08/2019,2/10/2019,28/09/2019,NA,NA,NA,37.2,0.164,0.774,42.83,51.4,-9.8,-11.94,0.9165,1.007914732,1.015892106,1.64,7.74,F1.153,F1.150,29,63,57,91,0.073278231,7.327823104
429,F2.265,1081,1,I,7,I7,265,I7_265,20.3,24.3,22.3,33,107.58,1/09/2019,28/09/2019,NA,3.132,17,1,33,0.166,0.779,39.19,47.8,-13.87,-14.11,1.1335,0.150503105,0.022651185,1.66,7.79,F1.153,F1.150,32,59,60,87,0.062196168,6.219616818
430,F2.265,1020,1,H,2,H2,265,H2_265,12.4,16,22.2,18.29,30.38,2/10/2019,no flowers,NA,2.075,1,4,38.8,0.312,0.792,38.1,45.85,-7.44,-10.31,0.9655,-1.29067814,1.665850062,3.12,7.92,F1.153,F1.150,63,NA,91,NA,0.026706844,2.670684393
431,F2.265,1066,1,F,6,F6,265,F6_265,18.7,22.9,23.9,29.06,108.72,1/09/2019,17/09/2019,NA,6.684,17,8,31.8,0.163,0.783,40.87,47.9,-11,-11.79,1.877,-0.141381704,0.019988786,1.63,7.83,F1.153,F1.150,32,48,60,76,0.069442795,6.944279535
432,F2.265,1130,1,J,11,J11,265,J11_265,27,29.1,26.2,24.09,112.58,5/09/2019,25/09/2019,NA,4.522,24,1,28.8,0.146,0.769,40.76,51.6,-9.57,-9.88,0.942,1.372770743,1.884499513,1.46,7.69,F1.153,F1.150,36,56,64,84,0.081150909,8.11509086
13,F2.202,2004,2,D,1,D1,202,D1_202,11.3,14.3,22.3,28.23,123.2,12/11/2019,25/11/2019,NA,1.821,10,0,45.8,0.089,0.772,41.77,47.77,-13.71,-13.61,1.39939136,-1.491348947,2.224121681,0.89,7.72,F1.101,F1.148,29,42,45,58,0.050807718,5.080771755
14,F2.202,2059,2,K,5,K5,202,K5_202,16.9,21.5,22.7,15.48,111.8,13/11/2019,6/12/2019,NA,3.109,10,6,34.6,0.216,0.781,38.74,48.02,-15.3,-14.33,1.18149256,-0.469752115,0.220667049,2.16,7.81,F1.101,F1.148,30,53,46,69,0.068178024,6.817802388
15,F2.202,2066,2,F,6,F6,202,F6_202,18.7,22.9,23.9,22.06,147.8,4/11/2019,28/11/2019,NA,3.34,14,3,43.7,0.181,0.788,42.14,50.87,-14.95,-13.69,1.516842277,-0.141381704,0.019988786,1.81,7.88,F1.101,F1.148,21,45,37,61,0.065589448,6.558944809
16,F2.202,2086,2,B,8,B8,202,B8_202,21.8,26.2,25.2,18.02,139.2,7/11/2019,2/12/2019,3/12/2019,NA,NA,NA,51.9,NA,NA,NA,NA,NA,NA,NA,0.424145113,0.179899077,NA,NA,F1.101,F1.148,24,49,40,65,0.070497569,7.049756882
17,F2.202,2120,2,L,10,L10,202,L10_202,25,28.4,26.1,13.09,83.8,19/11/2019,NA,3/12/2019,NA,NA,NA,44.4,0.152,0.752,42.28,47.5,-15.91,-14.65,2.504253447,1.007914732,1.015892106,1.52,7.52,F1.101,F1.148,36,NA,52,NA,0.064020153,6.402015267
18,F2.202,2044,2,H,4,H4,202,H4_202,15.4,19.6,22.9,15.04,104.6,25/11/2019,6/12/2019,NA,2.629,9,3,36.4,0.19,0.788,40.1,49.17,-9.54,-16.51,1.564722566,-0.743394123,0.552634823,1.9,7.88,F1.101,F1.148,42,53,58,69,0.066876905,6.687690459
19,F2.202,2081,2,I,7,I7,202,I7_202,20.3,24.3,22.3,19.37,142.4,7/11/2019,20/11/2019,5/12/2019,NA,NA,NA,41.2,0.114,0.786,41.46,50.92,NA,NA,NA,0.150503105,0.022651185,1.14,7.86,F1.101,F1.148,24,37,40,53,0.068790156,6.879015592
20,F2.202,2121,2,A,11,A11,202,A11_202,27,29.1,26.2,16.89,107.2,15/11/2019,20/12/2019,NA,2.586,34,4,48.9,0.279,0.728,41.43,49.55,-9.65,-11.57,NA,1.372770743,1.884499513,2.79,7.28,F1.101,F1.148,32,67,48,83,0.063723259,6.372325924
21,F2.202,2017,2,E,2,E2,202,E2_202,12.4,16,22.2,23.06,119.8,7/11/2019,24/11/2019,NA,1.683,14,0,44,0.084,0.787,43.63,50.62,NA,NA,1.812563006,-1.29067814,1.665850062,0.84,7.87,F1.101,F1.148,24,41,40,57,0.056818075,5.681807486
22,F2.202,2139,2,G,12,G12,202,G12_202,28,30.6,27.1,18.54,NA,NA,NA,12/11/2019,NA,NA,NA,NA,NA,NA,NA,NA,NA,NA,NA,1.555198749,2.418643148,NA,NA,F1.101,F1.148,NA,NA,NA,NA,NA,NA
23,F2.202,2034,2,J,3,J3,202,J3_202,13.4,18.3,21,17.09,129.2,15/11/2019,28/11/2019,NA,1.411,5,0,39.2,0.156,0.776,41.12,49.62,-8.2,-11.97,1.268267063,-1.108250135,1.228218361,1.56,7.76,F1.101,F1.148,32,45,48,61,0.069754072,6.975407221
24,F2.202,2099,2,C,9,C9,202,C9_202,23.5,26.8,25,19.3,124.6,12/11/2019,25/11/2019,NA,2.914,21,0,48.8,0.184,0.762,44.77,50.69,-6.22,-6.27,2.056209367,0.734272723,0.539156432,1.84,7.62,F1.101,F1.148,29,42,45,58,0.064310466,6.431046588
25,F2.204,2122,2,B,11,B11,204,B11_204,27,29.1,26.2,14.82,108.6,15/11/2019,28/11/2019,2/12/2019,NA,NA,NA,NA,NA,NA,NA,NA,NA,NA,NA,1.372770743,1.884499513,NA,NA,F1.101,F1.108,32,45,48,61,0.068679096,6.867909613
26,F2.204,2036,2,L,3,L3,204,L3_204,13.4,18.3,21,26.6,119.6,11/11/2019,25/11/2019,NA,2.968,10,3,41.2,0.235,0.799,39.67,48.97,-11.01,-12.51,1.508772782,-1.108250135,1.228218361,2.35,7.99,F1.101,F1.108,28,42,44,58,0.051835918,5.183591813
27,F2.204,2008,2,H,1,H1,204,H1_204,11.3,14.3,22.3,24.24,120.4,15/11/2019,13/12/2019,NA,2.139,14,0,42.6,0.238,0.781,42.4,50.62,-13.77,-12.99,1.62326225,-1.491348947,2.224121681,2.38,7.81,F1.101,F1.108,32,60,48,76,0.055269496,5.526949557
28,F2.204,2055,2,G,5,G5,204,G5_204,16.9,21.5,22.7,18.68,114,19/11/2019,4/12/2019,13/12/2019,NA,NA,NA,42.9,0.093,0.795,40.1,48.57,-11.07,-12.28,1.186657665,-0.469752115,0.220667049,0.93,7.95,F1.101,F1.108,36,51,52,67,0.062370518,6.237051778
29,F2.204,2075,2,C,7,C7,204,C7_204,20.3,24.3,22.3,21.79,109.4,25/11/2019,20/12/2019,NA,2.574,18,0,45,0.124,0.672,41.31,47.42,-5.5,-8.44,1.809691157,0.150503105,0.022651185,1.24,6.72,F1.101,F1.108,42,67,58,83,0.055639991,5.563999107
30,F2.204,2118,2,J,10,J10,204,J10_204,25,28.4,26.1,16.55,134,15/11/2019,NA,2/12/2019,NA,NA,NA,NA,NA,NA,NA,NA,NA,NA,NA,1.007914732,1.015892106,NA,NA,F1.101,F1.108,32,NA,48,NA,0.072119093,7.211909304
31,F2.204,2105,2,I,9,I9,204,I9_204,23.5,26.8,25,18.78,101,22/11/2019,23/12/2019,NA,3.976,24,NA,50.9,0.149,0.776,40.19,48.27,-16.1,-13.98,1.483104809,0.734272723,0.539156432,1.49,7.76,F1.101,F1.108,39,70,55,86,0.058011312,5.801131183
32,F2.204,2143,2,K,12,K12,204,K12_204,28,30.6,27.1,26.38,121.4,15/11/2019,10/12/2019,NA,1.74,21,2,28.9,0.099,0.773,41.3,45.8,-9.89,-15,2.196061715,1.555198749,2.418643148,0.99,7.73,F1.101,F1.108,32,57,48,73,0.052637405,5.263740453
33,F2.204,2018,2,F,2,F2,204,F2_204,12.4,16,22.2,31.29,110,12/11/2019,25/11/2019,NA,1.259,1,3,NA,0.172,0.789,40.58,48.52,-11.62,-13.68,2.51816138,-1.29067814,1.665850062,1.72,7.89,F1.101,F1.108,29,42,45,58,0.043351097,4.335109683
34,F2.204,2085,2,A,8,A8,204,A8_204,21.8,26.2,25.2,14.62,111.8,25/11/2019,NA,19/12/2019,NA,NA,NA,47,0.143,0.775,42.2,50.12,NA,NA,1.290332054,0.424145113,0.179899077,1.43,7.75,F1.101,F1.108,42,NA,58,NA,0.070149004,7.014900367
35,F2.204,2065,2,E,6,E6,204,E6_204,18.7,22.9,23.9,23.59,140,15/11/2019,2/12/2019,NA,2.195,15,0,50,0.083,0.755,40.45,47.12,-6.44,-11.65,1.573718713,-0.141381704,0.019988786,0.83,7.55,F1.101,F1.108,32,49,48,65,0.06140757,6.140756997
36,F2.204,2040,2,D,4,D4,204,D4_204,15.4,19.6,22.9,14.47,133.2,10/11/2019,25/11/2019,NA,2.903,9,1,47.8,0.096,0.791,42.31,51.47,-4.83,-8.29,1.470628512,-0.743394123,0.552634823,0.96,7.91,F1.101,F1.108,27,42,43,58,0.076543939,7.654393853
97,F2.212,2107,2,K,9,K9,212,K9_212,23.5,26.8,25,26.06,127.6,16/11/2019,1/01/2020,NA,3.221,12,0,35.8,0.116,0.728,39.58,47.97,-14.33,-12.6,0.969365975,0.734272723,0.539156432,1.16,7.28,F1.109,F1.144,33,79,49,95,0.054775821,5.477582066
98,F2.212,2072,2,L,6,L6,212,L6_212,18.7,22.9,23.9,27.35,110,7/11/2019,22/11/2019,NA,2.352,14,1,29.7,0.11,0.796,40.65,51.92,-15.59,-14.57,1.288034756,-0.141381704,0.019988786,1.1,7.96,F1.109,F1.144,24,39,40,55,0.047991856,4.799185645
99,F2.212,2110,2,B,10,B10,212,B10_212,25,28.4,26.1,31.56,167.6,19/11/2019,28/11/2019,NA,2.328,33,0,38,0.106,0.737,41.37,47.92,-9.77,-8.63,1.677850196,1.007914732,1.015892106,1.06,7.37,F1.109,F1.144,36,45,52,61,0.057575507,5.757550662
100,F2.212,2089,2,E,8,E8,212,E8_212,21.8,26.2,25.2,22.74,127.4,14/11/2019,2/12/2019,NA,2.96,30,2,33.8,0.107,0.762,40.54,49.57,-16.84,-14.95,1.648240678,0.424145113,0.179899077,1.07,7.62,F1.109,F1.144,31,49,47,65,0.059420905,5.942090534
101,F2.212,2009,2,I,1,I1,212,I1_212,11.3,14.3,22.3,37.24,155.4,10/11/2019,22/11/2019,NA,1.456,12,0,34.9,0.166,0.756,41.38,48.07,-11.85,-13.76,1.920648984,-1.491348947,2.224121681,1.66,7.56,F1.109,F1.144,27,39,43,55,0.049262724,4.926272364
102,F2.212,2025,2,A,3,A3,212,A3_212,13.4,18.3,21,26.53,117.4,12/11/2019,28/11/2019,NA,1.996,10,0,37.9,0.109,0.759,40.69,51.07,-15.88,-14.28,1.325578632,-1.108250135,1.228218361,1.09,7.59,F1.109,F1.144,29,45,45,61,0.051286577,5.128657722
103,F2.212,2079,2,G,7,G7,212,G7_212,20.3,24.3,22.3,31.02,106.2,12/11/2019,27/12/2019,NA,1.284,16,2,NA,0.11,0.765,42.42,51.57,-3.84,-8.59,2.26780041,0.150503105,0.022651185,1.1,7.65,F1.109,F1.144,29,74,45,90,0.042437653,4.243765348
104,F2.212,2052,2,D,5,D5,212,D5_212,16.9,21.5,22.7,31.67,85.8,16/11/2019,2/12/2019,NA,2.058,11,5,28.6,0.114,0.745,39.5,48.57,-13.96,-14.66,1.298304578,-0.469752115,0.220667049,1.14,7.45,F1.109,F1.144,33,49,49,65,0.034367212,3.436721193
105,F2.212,2039,2,C,4,C4,212,C4_212,15.4,19.6,22.9,20.06,118,15/11/2019,28/11/2019,NA,2.445,18,2,38.3,0.118,0.802,37.55,47.17,-13.2,-14.93,1.208784537,-0.743394123,0.552634823,1.18,8.02,F1.109,F1.144,32,45,48,61,0.06110196,6.110196007
106,F2.212,2140,2,H,12,H12,212,H12_212,28,30.6,27.1,29.33,111.4,7/11/2019,open,NA,2.383,34,0,38.7,0.145,0.777,40.35,45.57,-13.72,-15.55,1.571702919,1.555198749,2.418643148,1.45,7.77,F1.109,F1.144,24,NA,40,NA,0.046017808,4.601780843
107,F2.212,2022,2,J,2,J2,212,J2_212,12.4,16,22.2,34.14,136.4,12/11/2019,25/11/2019,NA,1.452,8,0,39.7,0.124,0.785,39.4,49.27,-10.41,-9.48,1.551470849,-1.29067814,1.665850062,1.24,7.85,F1.109,F1.144,29,42,45,58,0.047762829,4.776282855
108,F2.212,2126,2,F,11,F11,212,F11_212,27,29.1,26.2,27.12,123,7/11/2019,19/11/2019,NA,1.039,15,3,38,0.211,0.791,38.99,44.56,-10.62,-11.23,1.830448495,1.372770743,1.884499513,2.11,7.91,F1.109,F1.144,24,36,40,52,0.052134927,5.213492732
109,F2.213,2057,2,I,5,I5,213,I5_213,16.9,21.5,22.7,21.56,156,10/11/2019,10/12/2019,NA,3.644,25,1,35.2,0.106,0.765,39.2,49.82,-16.48,-14.82,1.464354185,-0.469752115,0.220667049,1.06,7.65,F1.111,F1.107,27,57,43,73,0.06824194,6.824194004
110,F2.213,2135,2,C,12,C12,213,C12_213,28,30.6,27.1,28.24,106.8,10/11/2019,28/11/2019,NA,2.306,14,6,35.9,0.117,0.749,48.12,53.86,-10.22,-11.68,2.976042938,1.555198749,2.418643148,1.17,7.49,F1.111,F1.107,27,45,43,61,0.045869604,4.586960393
111,F2.213,2047,2,K,4,K4,213,K4_213,15.4,19.6,22.9,28.24,137.2,12/11/2019,28/11/2019,NA,1.207,4,2,37.2,0.119,0.764,42.59,52.27,-13.31,-12.95,1.289323543,-0.743394123,0.552634823,1.19,7.64,F1.111,F1.107,29,45,45,61,0.054506907,5.450690699
112,F2.213,2094,2,J,8,J8,213,J8_213,21.8,26.2,25.2,20.02,149.6,15/11/2019,11/12/2019,NA,3.836,41,2,43.7,0.361,0.748,39.56,49.42,-15.43,-13.36,1.56858213,0.424145113,0.179899077,3.61,7.48,F1.111,F1.107,32,58,48,74,0.069352872,6.935287213
113,F2.213,2062,2,B,6,B6,213,B6_213,18.7,22.9,23.9,27.26,191.2,6/11/2019,28/11/2019,NA,3.317,22,0,37.9,0.136,0.765,41.2,49.87,-12.51,-14.19,1.304306111,-0.141381704,0.019988786,1.36,7.65,F1.111,F1.107,23,45,39,61,0.067168951,6.716895084
114,F2.213,2007,2,G,1,G1,213,G1_213,11.3,14.3,22.3,23.28,130.4,15/11/2019,2/12/2019,NA,1.708,9,0,44.6,0.216,0.77,39.91,48.92,-11.27,-11.01,1.793941179,-1.491348947,2.224121681,2.16,7.7,F1.111,F1.107,32,49,48,65,0.059414208,5.941420781
115,F2.213,2090,2,F,8,F8,213,F8_213,21.8,26.2,25.2,15.61,111.6,13/11/2019,2/12/2019,NA,1.598,14,2,51.1,0.143,0.758,41.82,49.57,-13.67,-11.78,2.101156155,0.424145113,0.179899077,1.43,7.58,F1.111,F1.107,30,49,46,65,0.067827907,6.782790743
116,F2.213,2030,2,F,3,F3,213,F3_213,13.4,18.3,21,26.61,96.6,22/11/2019,6/12/2019,NA,1.079,5,0,31,0.203,0.779,40.39,51.37,-13.32,-14.59,1.149229144,-1.108250135,1.228218361,2.03,7.79,F1.111,F1.107,39,53,55,69,0.044458333,4.445833297
117,F2.213,2080,2,H,7,H7,213,H7_213,20.3,24.3,22.3,18.16,134,11/11/2019,25/11/2019,NA,1.949,28,0,42.7,0.076,0.787,44.64,55.27,-10.46,-9.88,1.763907207,0.150503105,0.022651185,0.76,7.87,F1.111,F1.107,28,42,44,58,0.068917877,6.891787679
118,F2.213,2113,2,E,10,E10,213,E10_213,25,28.4,26.1,19.08,136.8,10/11/2019,6/12/2019,NA,3.305,40,1,44.2,0.156,0.78,40.06,44.25,-11.1,-9.62,1.667882401,1.007914732,1.015892106,1.56,7.8,F1.111,F1.107,27,53,43,69,0.067926874,6.792687376
119,F2.213,2013,2,A,2,A2,213,A2_213,12.4,16,22.2,31.4,144.6,15/11/2019,2/12/2019,NA,1.495,8,0,41.8,0.083,0.748,41.54,50.92,-14.34,-12.46,1.97760515,-1.29067814,1.665850062,0.83,7.48,F1.111,F1.107,32,49,48,65,0.052660807,5.266080748
120,F2.213,2100,2,D,9,D9,213,D9_213,23.5,26.8,25,21.64,163.2,14/11/2019,6/12/2019,NA,3.439,30,3,43.8,0.104,0.748,45.33,50.69,-5.56,-5.66,2.057914995,0.734272723,0.539156432,1.04,7.48,F1.111,F1.107,31,53,47,69,0.069670103,6.967010305
121,F2.213,2132,2,L,11,L11,213,L11_213,27,29.1,26.2,18.05,137.2,15/11/2019,20/12/2019,NA,3.362,38,8,38.2,0.121,0.749,43.48,48.88,-10.86,-11.99,1.402299259,1.372770743,1.884499513,1.21,7.49,F1.111,F1.107,32,67,48,83,0.069941173,6.994117347
159,F2.221,2001,2,A,1,A1,221,A1_221,11.3,14.3,22.3,26,117.6,16/11/2019,2/12/2019,NA,1.613,7,0,39,0.265,0.781,40.59,50.92,-8.37,-9.21,2.154337706,-1.491348947,2.224121681,2.65,7.81,F1.123,F1.101,33,49,49,65,0.052041121,5.20411206
160,F2.221,2131,2,K,11,K11,221,K11_221,27,29.1,26.2,16.87,118.4,22/11/2019,NA,3/12/2019,NA,NA,NA,40.6,NA,NA,NA,NA,-10.31,-8.84,2.763027515,1.372770743,1.884499513,NA,NA,F1.123,F1.101,39,NA,55,NA,0.067190753,6.719075262
161,F2.221,2020,2,H,2,H2,221,H2_221,12.4,16,22.2,20.25,127.4,25/11/2019,13/12/2019,NA,2.645,5,0,36.4,0.11,0.773,38.74,46.52,-10.81,-13.48,1.338252352,-1.29067814,1.665850062,1.1,7.73,F1.123,F1.101,42,60,58,76,0.063419895,6.341989481
162,F2.221,2101,2,E,9,E9,221,E9_221,23.5,26.8,25,18.91,130.4,19/11/2019,23/12/2019,NA,2.79,37,1,53.1,0.127,0.728,45.27,52.31,-11.75,-12.04,2.038575352,0.734272723,0.539156432,1.27,7.28,F1.123,F1.101,36,70,52,86,0.066583302,6.65833023
163,F2.221,2058,2,J,5,J5,221,J5_221,16.9,21.5,22.7,15.86,129.6,19/11/2019,8/12/2019,NA,3.009,7,2,37.2,0.082,0.777,40.88,49.97,-17.76,-15.93,1.330108218,-0.469752115,0.220667049,0.82,7.77,F1.123,F1.101,36,55,52,71,0.072436295,7.243629544
164,F2.221,2027,2,C,3,C3,221,C3_221,13.4,18.3,21,21.86,147.2,19/11/2019,2/12/2019,NA,2.073,7,0,38.2,0.127,0.775,41.38,52.72,-11.63,-11.24,1.445642916,-1.108250135,1.228218361,1.27,7.75,F1.123,F1.101,36,49,52,65,0.065763232,6.576323185
165,F2.221,2091,2,G,8,G8,221,G8_221,21.8,26.2,25.2,18.19,0,NA,NA,12/11/2019,NA,NA,NA,NA,NA,NA,NA,NA,NA,NA,NA,0.424145113,0.179899077,NA,NA,F1.123,F1.101,NA,NA,NA,NA,NA,NA
166,F2.221,2038,2,B,4,B4,221,B4_221,15.4,19.6,22.9,21.36,172.6,16/11/2019,6/12/2019,NA,4.269,25,4,38.5,0.144,0.785,41.1,49.52,-14.03,-12.36,1.54757628,-0.743394123,0.552634823,1.44,7.85,F1.123,F1.101,33,53,49,69,0.072050233,7.205023326
167,F2.221,2078,2,F,7,F7,221,F7_221,20.3,24.3,22.3,21.86,150,25/11/2019,6/12/2019,NA,2.704,18,0,29.3,0.11,0.762,41.12,49.97,-10,-10.91,1.567018634,0.150503105,0.022651185,1.1,7.62,F1.123,F1.101,42,53,58,69,0.066412993,6.641299349
168,F2.221,2144,2,L,12,L12,221,L12_221,28,30.6,27.1,24.3,116,12/11/2019,28/11/2019,NA,3.549,33,4,47.7,0.181,0.776,43.48,53.01,-12.96,-14.9,NA,1.555198749,2.418643148,1.81,7.76,F1.123,F1.101,29,45,45,61,0.053900477,5.390047727
169,F2.221,2064,2,D,6,D6,221,D6_221,18.7,22.9,23.9,27.08,148,15/11/2019,28/11/2019,NA,1.848,15,1,52.1,0.227,0.747,37.84,43.57,-13.03,-12.55,2.035509055,-0.141381704,0.019988786,2.27,7.47,F1.123,F1.101,32,45,48,61,0.058566097,5.856609744
170,F2.221,2117,2,I,10,I10,221,I10_221,25,28.4,26.1,23.1,144.6,25/11/2019,open,NA,2.467,16,0,31.3,0.063,0.76,40.13,47.28,-11.82,-10.36,1.186356715,1.007914732,1.015892106,0.63,7.6,F1.123,F1.101,42,NA,58,NA,0.063246162,6.32461618
232,F2.230,2045,2,I,4,I4,230,I4_230,15.4,19.6,22.9,11.56,155.6,19/11/2019,2/12/2019,NA,3.527,11,7,36.6,0.161,0.782,39.35,48.27,-5.06,-5.09,1.294731811,-0.743394123,0.552634823,1.61,7.82,F1.127,F1.147,36,49,52,65,0.089646129,8.964612926
233,F2.230,2026,2,B,3,B3,230,B3_230,13.4,18.3,21,20.17,144,16/11/2019,2/12/2019,NA,2.462,12,1,37.4,0.179,0.79,38.9,49.02,-13.42,-11.86,1.233236069,-1.108250135,1.228218361,1.79,7.9,F1.127,F1.147,33,49,49,65,0.067779895,6.777989475
234,F2.230,2125,2,E,11,E11,230,E11_230,27,29.1,26.2,10.11,95,NA,NA,2/12/2019,NA,NA,NA,42.7,NA,NA,NA,NA,NA,NA,NA,1.372770743,1.884499513,NA,NA,F1.127,F1.147,NA,NA,NA,NA,0.077253512,7.725351236
235,F2.230,2070,2,J,6,J6,230,J6_230,18.7,22.9,23.9,15.07,104,6/12/2019,open,NA,2.847,6,0,32.3,0.172,0.776,39.47,49.72,-7.4,-9.77,0.909182178,-0.141381704,0.019988786,1.72,7.76,F1.127,F1.147,53,NA,69,NA,0.066609824,6.660982367
236,F2.230,2003,2,C,1,C1,230,C1_230,11.3,14.3,22.3,25.89,155.4,22/11/2019,6/12/2019,NA,2.651,6,0,41.5,0.093,0.792,40.59,51.87,-13.1,-13.35,1.556667887,-1.491348947,2.224121681,0.93,7.92,F1.127,F1.147,39,53,55,69,0.061798126,6.179812566
237,F2.230,2056,2,H,5,H5,230,H5_230,16.9,21.5,22.7,21.07,135.2,19/11/2019,2/12/2019,NA,3.99,18,2,37.7,0.089,0.777,40.05,49.52,-14.04,-13.7,1.171048626,-0.469752115,0.220667049,0.89,7.77,F1.127,F1.147,36,49,52,65,0.06410017,6.41001702
238,F2.230,2109,2,A,10,A10,230,A10_230,25,28.4,26.1,16.88,82.2,NA,NA,22/11/2019,NA,NA,NA,NA,NA,NA,NA,NA,NA,NA,NA,1.007914732,1.015892106,NA,NA,F1.127,F1.147,NA,NA,NA,NA,0.054587097,5.4587097
239,F2.230,2024,2,L,2,L2,230,L2_230,12.4,16,22.2,15.86,114.4,22/11/2019,10/12/2019,NA,3.476,10,1,34.8,0.158,0.775,40.26,50.77,-8.73,-11.84,1.226975121,-1.29067814,1.665850062,1.58,7.75,F1.127,F1.147,39,57,55,73,0.068134513,6.813451251
240,F2.230,2136,2,D,12,D12,230,D12_230,28,30.6,27.1,12.83,130.8,14/11/2019,28/11/2019,12/12/2019,NA,NA,NA,51,0.174,0.76,48.1,55.45,-8.71,-16.22,2.554931439,1.555198749,2.418643148,1.74,7.6,F1.127,F1.147,31,45,47,61,0.08006494,8.006494001
241,F2.230,2103,2,G,9,G9,230,G9_230,23.5,26.8,25,12.7,130.8,15/11/2019,28/11/2019,NA,3.441,28,4,29.8,0.07,0.744,41.39,47.92,-14.78,-15.33,2.263018675,0.734272723,0.539156432,0.7,7.44,F1.127,F1.147,32,45,48,61,0.080416119,8.041611881
263,F2.235,2043,2,G,4,G4,235,G4_235,15.4,19.6,22.9,20.15,173.2,7/11/2019,25/11/2019,NA,2.781,11,5,35,0.088,0.782,37.9,48.57,-7.05,-10.57,1.594381076,-0.743394123,0.552634823,0.88,7.82,F1.135,F1.128,24,42,40,58,0.074180783,7.418078303
264,F2.235,2061,2,A,6,A6,235,A6_235,18.7,22.9,23.9,22.56,168.6,11/11/2019,25/11/2019,NA,2.824,20,4,41.4,0.166,0.75,41.65,50.52,-12.07,-11.96,1.388150164,-0.141381704,0.019988786,1.66,7.5,F1.135,F1.128,28,42,44,58,0.069356918,6.935691789
265,F2.235,2096,2,L,8,L8,235,L8_235,21.8,26.2,25.2,31.53,122.6,4/11/2019,19/11/2019,NA,2.296,32,1,39.3,0.133,0.785,40.67,51.02,-14.92,-16.84,1.712124623,0.424145113,0.179899077,1.33,7.85,F1.135,F1.128,21,36,37,52,0.046827157,4.682715689
266,F2.235,2076,2,D,7,D7,235,D7_235,20.3,24.3,22.3,21.2,110.8,13/11/2019,26/11/2019,13/12/2019,NA,NA,NA,45.7,0.062,0.774,43.76,53.07,-9.55,-16.77,2.783464665,0.150503105,0.022651185,0.62,7.74,F1.135,F1.128,30,43,46,59,0.05702502,5.702502044
267,F2.235,2141,2,I,12,I12,235,I12_235,28,30.6,27.1,29.81,105.4,7/11/2019,25/11/2019,NA,3.34,37,3,44.3,0.146,0.773,41.28,47.03,-11.31,-11.86,1.628109202,1.555198749,2.418643148,1.46,7.73,F1.135,F1.128,24,42,40,58,0.043548922,4.354892167
268,F2.235,2029,2,E,3,E3,235,E3_235,13.4,18.3,21,30.51,133,12/11/2019,25/11/2019,NA,1.214,7,0,47,0.163,0.786,41.36,51.62,-13.87,-12.54,1.538048983,-1.108250135,1.228218361,1.63,7.86,F1.135,F1.128,29,42,45,58,0.05076878,5.076878033
269,F2.235,2051,2,C,5,C5,235,C5_235,16.9,21.5,22.7,31.45,79.8,15/11/2019,open,NA,1.514,10,3,35.1,0.076,0.753,40.42,47.47,-10.12,-8.99,0.947923387,-0.469752115,0.220667049,0.76,7.53,F1.135,F1.128,32,NA,48,NA,0.032107742,3.210774211
270,F2.235,2011,2,K,1,K1,235,K1_235,11.3,14.3,22.3,24.05,119,15/11/2019,2/12/2019,NA,1.87,7,0,35.5,0.102,0.778,39.88,49.47,-10.15,-12.15,1.433552371,-1.491348947,2.224121681,1.02,7.78,F1.135,F1.128,32,49,48,65,0.055137534,5.513753436
271,F2.235,2114,2,F,10,F10,235,F10_235,25,28.4,26.1,19.71,127,10/11/2019,25/11/2019,NA,2.347,27,2,51.8,0.074,0.755,41.41,47.28,-5.67,-5.68,1.98390631,1.007914732,1.015892106,0.74,7.55,F1.135,F1.128,27,42,43,58,0.064243482,6.424348156
272,F2.235,2014,2,B,2,B2,235,B2_235,12.4,16,22.2,23.92,146.4,11/11/2019,26/11/2019,NA,1.55,6,0,41.9,0.181,0.78,41.91,50.82,-11.45,-10.72,1.547210274,-1.29067814,1.665850062,1.81,7.8,F1.135,F1.128,28,43,44,59,0.06246992,6.246991974
273,F2.235,2104,2,H,9,H9,235,H9_235,23.5,26.8,25,21.58,94.2,15/11/2019,28/11/2019,NA,2.07,24,0,50.2,0.132,0.749,41.04,47.5,NA,-15.45,1.933605031,0.734272723,0.539156432,1.32,7.49,F1.135,F1.128,32,45,48,61,0.050815628,5.081562834
274,F2.235,2130,2,J,11,J11,235,J11_235,27,29.1,26.2,15.84,122.8,15/11/2019,28/11/2019,NA,1.592,23,3,54.2,0.111,0.746,44.33,49.55,-10.92,-10.46,2.350370234,1.372770743,1.884499513,1.11,7.46,F1.135,F1.128,32,45,48,61,0.070621332,7.062133205
275,F2.239,2002,2,B,1,B1,239,B1_239,11.3,14.3,22.3,30,117.8,15/11/2019,25/11/2019,NA,1.544,12,0,33.8,0.273,0.796,42.5,52.47,-16.06,-15.05,1.282305793,-1.491348947,2.224121681,2.73,7.96,F1.142,F1.137,32,42,48,58,0.047165203,4.716520309
276,F2.239,2127,2,G,11,G11,239,G11_239,27,29.1,26.2,26.78,133.8,2/11/2019,15/11/2019,NA,3.065,63,4,46.4,0.216,0.775,40.35,45.57,-13.37,-12.04,1.727106982,1.372770743,1.884499513,2.16,7.75,F1.142,F1.137,19,32,35,48,0.055472097,5.547209681
277,F2.239,2083,2,K,7,K7,239,K7_239,20.3,24.3,22.3,19.16,156.8,7/11/2019,28/11/2019,NA,2.913,39,0,42.3,0.178,0.775,37.64,46.57,-12.09,-10.65,1.441803099,0.150503105,0.022651185,1.78,7.75,F1.142,F1.137,24,45,40,61,0.072487805,7.248780467
278,F2.239,2016,2,D,2,D2,239,D2_239,12.4,16,22.2,21.49,73.8,28/11/2019,13/12/2019,NA,0.99,2,0,45.9,0.116,0.795,41.53,51.62,-11.54,-12.85,1.513893593,-1.29067814,1.665850062,1.16,7.95,F1.142,F1.137,45,60,61,76,0.042543828,4.254382831
279,F2.239,2102,2,F,9,F9,239,F9_239,23.5,26.8,25,31.78,123.2,2/11/2019,19/11/2019,NA,1.931,29,0,42.8,0.15,0.752,42.89,51.35,-12.87,-11.46,3.066850641,0.734272723,0.539156432,1.5,7.52,F1.142,F1.137,19,36,35,52,0.046723169,4.672316862
280,F2.239,2111,2,C,10,C10,239,C10_239,25,28.4,26.1,27.83,133,4/11/2019,19/11/2019,NA,1.888,27,2,42.3,0.151,0.73,41.68,47.03,-10.22,-8.72,1.568711052,1.007914732,1.015892106,1.51,7.3,F1.142,F1.137,21,36,37,52,0.053939123,5.393912251
281,F2.239,2095,2,K,8,K8,239,K8_239,21.8,26.2,25.2,32.34,117.2,7/11/2019,19/11/2019,NA,1.96,39,0,36.2,0.054,0.778,42.65,50.77,-9.79,-8.25,1.96699216,0.424145113,0.179899077,0.54,7.78,F1.142,F1.137,24,36,40,52,0.044399208,4.439920769
282,F2.239,2033,2,I,3,I3,239,I3_239,13.4,18.3,21,25.37,112.4,22/11/2019,13/12/2019,NA,1.45,9,0,36.9,0.108,0.793,36.79,46.07,-14.52,-13.04,1.280670546,-1.108250135,1.228218361,1.08,7.93,F1.142,F1.137,39,60,55,76,0.051327468,5.132746772
283,F2.239,2060,2,L,5,L5,239,L5_239,16.9,21.5,22.7,27.77,94.2,16/11/2019,2/12/2019,NA,1.58,6,0,41.4,0.238,0.771,43.78,54.27,-15.08,-13.56,1.070180689,-0.469752115,0.220667049,2.38,7.71,F1.142,F1.137,33,49,49,65,0.042119444,4.211944415
284,F2.239,2142,2,J,12,J12,239,J12_239,28,30.6,27.1,12.63,72.4,NA,NA,2/12/2019,NA,NA,NA,NA,NA,NA,NA,NA,NA,NA,1.322476127,1.555198749,2.418643148,NA,NA,F1.142,F1.137,NA,NA,NA,NA,0.060211426,6.021142631
285,F2.239,2068,2,H,6,H6,239,H6_239,18.7,22.9,23.9,35.32,173.8,10/11/2019,25/11/2019,NA,2.841,19,0,37.9,0.116,0.745,40.99,49.57,-12.25,-14.43,1.277307595,-0.141381704,0.019988786,1.16,7.45,F1.142,F1.137,27,42,43,58,0.054946753,5.4946753
286,F2.239,2037,2,A,4,A4,239,A4_239,15.4,19.6,22.9,23.03,147.2,10/11/2019,25/11/2019,NA,1.497,10,1,38.8,0.098,0.787,38.24,47.62,-17.32,-15.52,1.485741065,-0.743394123,0.552634823,0.98,7.87,F1.142,F1.137,27,42,43,58,0.063965327,6.396532733
287,F2.239,2077,2,E,7,E7,239,E7_239,20.3,24.3,22.3,24.84,114.2,7/11/2019,25/11/2019,NA,2.524,33,0,43.6,0.158,0.775,40.76,49.67,-6.01,-5.93,1.662558973,0.150503105,0.022651185,1.58,7.75,F1.142,F1.137,24,42,40,58,0.052603312,5.260331173
312,F2.243,2115,2,G,10,G10,243,G10_243,25,28.4,26.1,22.36,90.4,25/11/2019,NA,6/12/2019,NA,NA,NA,52.4,0.146,NA,NA,NA,NA,NA,1.997295055,1.007914732,1.015892106,1.46,NA,F1.148,F1.150,42,NA,58,NA,0.048171401,4.817140066
313,F2.243,2106,2,J,9,J9,243,J9_243,23.5,26.8,25,21.8,60.2,13/12/2019,5/01/2020,NA,1.207,7,0,37.7,0.293,0.766,42.11,50.07,-7.35,-11.1,1.288691135,0.734272723,0.539156432,2.93,7.66,F1.148,F1.150,60,83,76,99,0.035026289,3.502628905
314,F2.243,2015,2,C,2,C2,243,C2_243,12.4,16,22.2,24.94,71.8,22/11/2019,6/12/2019,NA,1.223,3,1,52.5,0.113,0.796,41.11,52.27,-13.75,-14.72,1.860151614,-1.29067814,1.665850062,1.13,7.96,F1.148,F1.150,39,53,55,69,0.036462467,3.646246675
315,F2.243,2092,2,H,8,H8,243,H8_243,21.8,26.2,25.2,25.16,126.6,13/11/2019,2/12/2019,NA,2.865,25,0,38,0.118,0.762,40.64,48.97,-13.81,-12.53,1.205468396,0.424145113,0.179899077,1.18,7.62,F1.148,F1.150,30,49,46,65,0.055716451,5.571645096
316,F2.243,2049,2,A,5,A5,243,A5_243,16.9,21.5,22.7,16.59,132.4,14/11/2019,28/11/2019,NA,2.992,15,0,45.7,0.11,0.79,41.1,49.57,-12.55,-13.18,1.392022527,-0.469752115,0.220667049,1.1,7.9,F1.148,F1.150,31,45,47,61,0.071621639,7.162163929
317,F2.243,2134,2,B,12,B12,243,B12_243,28,30.6,27.1,22.62,91,13/11/2019,25/11/2019,NA,1.766,14,2,50.4,0.093,0.739,48.43,54.57,-11.82,-14.78,2.204390933,1.555198749,2.418643148,0.93,7.39,F1.148,F1.150,30,42,46,58,0.048000863,4.80008633
318,F2.243,2069,2,I,6,I6,243,I6_243,18.7,22.9,23.9,26.31,119.4,12/11/2019,2/12/2019,NA,2.494,13,2,46.9,0.084,0.714,42.39,49.02,-14.66,-14.16,1.727968976,-0.141381704,0.019988786,0.84,7.14,F1.148,F1.150,29,49,45,65,0.052156211,5.215621055
319,F2.243,2084,2,L,7,L7,243,L7_243,20.3,24.3,22.3,18.35,92.6,15/11/2019,23/12/2019,NA,2.059,23,0,41.7,0.196,0.782,40.41,50.07,-15.67,-15.72,1.381529586,0.150503105,0.022651185,1.96,7.82,F1.148,F1.150,32,70,48,86,0.055815847,5.581584714
320,F2.243,2035,2,K,3,K3,243,K3_243,13.4,18.3,21,20.44,112,19/11/2019,11/12/2019,NA,1.859,11,0,40.9,0.272,0.792,39.43,48.67,-14.38,-15.33,1.174004994,-1.108250135,1.228218361,2.72,7.92,F1.148,F1.150,36,58,52,74,0.058655348,5.865534848
321,F2.243,2124,2,D,11,D11,243,D11_243,27,29.1,26.2,25.33,106.2,10/11/2019,2/12/2019,NA,2.804,41,1,48.8,0.117,0.703,40.34,46.07,-11.72,-10.44,1.97077996,1.372770743,1.884499513,1.17,7.03,F1.148,F1.150,27,49,43,65,0.049425333,4.942533258
322,F2.243,2041,2,E,4,E4,243,E4_243,15.4,19.6,22.9,23.94,151.6,7/11/2019,22/11/2019,NA,2.267,13,0,45.3,0.216,0.773,39.89,49.82,-12.92,-12.57,1.377667717,-0.743394123,0.552634823,2.16,7.73,F1.148,F1.150,24,39,40,55,0.063644647,6.364464735
323,F2.243,2006,2,F,1,F1,243,F1_243,11.3,14.3,22.3,26.95,91.4,22/11/2019,6/12/2019,NA,0.828,3,0,52.2,0.082,0.756,38.17,47.07,-15.6,-15.39,2.077554051,-1.491348947,2.224121681,0.82,7.56,F1.148,F1.150,39,53,55,69,0.042112489,4.2112489
324,F2.244,2019,2,G,2,G2,244,G2_244,12.4,16,22.2,13.31,73,6/12/2019,24/12/2019,NA,1.13,2,0,45.7,0.106,0.78,40.57,47.97,-7.15,-9.95,1.839413266,-1.29067814,1.665850062,1.06,7.8,F1.148,F1.144,53,71,69,87,0.058687718,5.868771754
325,F2.244,2032,2,H,3,H3,244,H3_244,13.4,18.3,21,13.04,102.6,25/11/2019,10/12/2019,NA,1.46,3,0,33,0.165,0.776,39.41,49.12,-12.69,-14.39,1.477681481,-1.108250135,1.228218361,1.65,7.76,F1.148,F1.144,42,57,58,73,0.071131599,7.113159918
326,F2.244,2123,2,C,11,C11,244,C11_244,27,29.1,26.2,17.47,119.2,7/11/2019,25/11/2019,2/12/2019,NA,NA,NA,NA,NA,NA,NA,NA,NA,NA,NA,1.372770743,1.884499513,NA,NA,F1.148,F1.144,24,42,40,58,0.066217849,6.621784933
327,F2.244,2053,2,E,5,E5,244,E5_244,16.9,21.5,22.7,27.23,124,10/11/2019,28/11/2019,NA,2.588,8,2,43.2,0.265,0.794,39.42,48.92,-15.75,-15.46,1.639915946,-0.469752115,0.220667049,2.65,7.94,F1.148,F1.144,27,45,43,61,0.052274561,5.227456065
328,F2.244,2098,2,B,9,B9,244,B9_244,23.5,26.8,25,13.28,156.8,10/11/2019,2/12/2019,NA,3.417,28,4,38.8,0.117,0.774,43,48.57,-12.09,-10.6,1.8128174,0.734272723,0.539156432,1.17,7.74,F1.148,F1.144,27,49,43,65,0.085127999,8.512799875
329,F2.244,2073,2,A,7,A7,244,A7_244,20.3,24.3,22.3,12.36,108,16/11/2019,NA,15/11/2019,NA,NA,NA,NA,NA,NA,NA,NA,NA,NA,NA,0.150503105,0.022651185,NA,NA,F1.148,F1.144,33,NA,49,NA,0.074747096,7.474709569
330,F2.244,2138,2,F,12,F12,244,F12_244,28,30.6,27.1,17.64,93.4,14/11/2019,25/11/2019,3/12/2019,NA,NA,NA,49,0.119,0.777,41.93,47.28,NA,NA,2.746360945,1.555198749,2.418643148,1.19,7.77,F1.148,F1.144,31,42,47,58,0.057473183,5.747318257
331,F2.244,2048,2,L,4,L4,244,L4_244,15.4,19.6,22.9,18.49,117.6,12/11/2019,25/11/2019,NA,2.253,11,0,37.8,0.203,0.787,42.19,49.97,-12.49,-11.88,1.362899774,-0.743394123,0.552634823,2.03,7.87,F1.148,F1.144,29,42,45,58,0.063795138,6.379513759
332,F2.244,2010,2,J,1,J1,244,J1_244,11.3,14.3,22.3,16.89,59.8,6/12/2019,open,NA,1.008,4,0,46.1,0.136,0.781,41.99,51.02,-12.12,-11.05,1.459286932,-1.491348947,2.224121681,1.36,7.81,F1.148,F1.144,53,NA,69,NA,0.043595998,4.359599759
333,F2.244,2093,2,I,8,I8,244,I8_244,21.8,26.2,25.2,20.64,133.8,13/11/2019,25/11/2019,NA,2.883,21,0,34.5,0.073,0.751,41.46,49.12,-11.99,-11.59,1.83447047,0.424145113,0.179899077,0.73,7.51,F1.148,F1.144,30,42,46,58,0.064452249,6.445224852
334,F2.244,2071,2,K,6,K6,244,K6_244,18.7,22.9,23.9,20.85,119.6,12/11/2019,28/11/2019,NA,2.216,12,2,38.1,0.106,0.79,40.09,50.72,-15.26,-13.78,1.61844976,-0.141381704,0.019988786,1.06,7.9,F1.148,F1.144,29,45,45,61,0.060234445,6.02344446
335,F2.244,2112,2,D,10,D10,244,D10_244,25,28.4,26.1,18.21,117.8,NA,NA,22/11/2019,NA,NA,NA,NA,NA,NA,NA,NA,NA,NA,NA,1.007914732,1.015892106,NA,NA,F1.148,F1.144,NA,NA,NA,NA,0.06437991,6.437990957
372,F2.253,2088,2,D,8,D8,253,D8_253,21.8,26.2,25.2,22.1,117.2,22/11/2019,28/11/2019,NA,1.723,13,0,44.2,0.154,0.752,39.99,49.32,-11.91,-11.53,1.825865622,0.424145113,0.179899077,1.54,7.52,F1.118,F1.131,39,45,55,61,0.057527733,5.75277334
373,F2.253,2021,2,I,2,I2,253,I2_253,12.4,16,22.2,31.77,99.4,12/11/2019,30/11/2019,NA,0.989,1,0,46.1,0.09,0.783,41.54,51.62,-6.1,-6.75,2.422130354,-1.29067814,1.665850062,0.9,7.83,F1.118,F1.131,29,47,45,63,0.039332057,3.933205743
374,F2.253,2082,2,J,7,J7,253,J7_253,20.3,24.3,22.3,14.73,58.8,6/12/2019,5/01/2020,NA,1.792,12,3,38.2,0.168,0.795,40.55,49.02,-2.8,-7.55,1.570088549,0.150503105,0.022651185,1.68,7.95,F1.118,F1.131,53,83,69,99,0.047732953,4.773295257
375,F2.253,2133,2,A,12,A12,253,A12_253,28,30.6,27.1,18.06,100,25/11/2019,13/12/2019,NA,3.134,23,4,36.4,0.057,0.777,44.37,50.44,-8.86,-14.02,1.610101939,1.555198749,2.418643148,0.57,7.77,F1.118,F1.131,42,60,58,76,0.059016229,5.90162289
376,F2.253,2119,2,K,10,K10,253,K10_253,25,28.4,26.1,23.26,129,15/11/2019,28/11/2019,NA,2.354,28,2,35.5,0.147,0.737,42.18,47.03,-10.64,-10.4,1.299300067,1.007914732,1.015892106,1.47,7.37,F1.118,F1.131,32,45,48,61,0.05907163,5.907162956
377,F2.253,2108,2,L,9,L9,253,L9_253,23.5,26.8,25,18.26,140.8,16/11/2019,10/12/2019,NA,2.88,7,0,35.9,0.081,0.742,39.17,46.92,-15.43,-14.37,1.472056419,0.734272723,0.539156432,0.81,7.42,F1.118,F1.131,33,57,49,73,0.070435433,7.04354334
378,F2.253,2031,2,G,3,G3,253,G3_253,13.4,18.3,21,17.49,44.6,28/11/2019,no flowers,NA,0.821,0,0,39.4,0.193,0.783,40.61,49.07,-13.05,-13.12,0.981610596,-1.108250135,1.228218361,1.93,7.83,F1.118,F1.131,45,NA,61,NA,0.032279468,3.227946793
379,F2.253,2128,2,H,11,H11,253,H11_253,27,29.1,26.2,9.8,77.8,NA,NA,2/12/2019,NA,NA,NA,52.7,NA,NA,NA,NA,NA,NA,NA,1.372770743,1.884499513,NA,NA,F1.118,F1.131,NA,NA,NA,NA,0.071439967,7.143996709
380,F2.253,2063,2,C,6,C6,253,C6_253,18.7,22.9,23.9,21.77,138,19/11/2019,6/12/2019,NA,3.213,16,4,37,0.102,0.787,38.07,48.77,-4.85,-8.18,1.552343434,-0.141381704,0.019988786,1.02,7.87,F1.118,F1.131,36,53,52,69,0.063680028,6.368002793
381,F2.253,2050,2,B,5,B5,253,B5_253,16.9,21.5,22.7,25.58,144.4,19/11/2019,8/12/2019,NA,4.999,18,6,43.7,0.11,0.805,40.2,51.47,-11.75,-10.51,1.419732564,-0.469752115,0.220667049,1.1,8.05,F1.118,F1.131,36,55,52,71,0.059681946,5.968194587
382,F2.253,2042,2,F,4,F4,253,F4_253,15.4,19.6,22.9,16.79,144,19/11/2019,11/12/2019,NA,3.169,14,3,36.7,0.199,0.794,41,51.07,-10.47,-11.26,1.347819639,-0.743394123,0.552634823,1.99,7.94,F1.118,F1.131,36,58,52,74,0.074104477,7.410447684
383,F2.253,2005,2,E,1,E1,253,E1_253,11.3,14.3,22.3,34.61,127.6,22/11/2019,6/12/2019,NA,1.996,9,1,39.9,0.106,0.79,41.76,52.47,-13.12,-13.73,1.261132201,-1.491348947,2.224121681,1.06,7.9,F1.118,F1.131,39,53,55,69,0.044991645,4.499164528
409,F2.261,2028,2,D,3,D3,261,D3_261,13.4,18.3,21,24.69,151,15/11/2019,2/12/2019,NA,1.348,7,2,38.2,0.152,0.77,39.49,47.32,-9.76,-10.23,1.902883495,-1.108250135,1.228218361,1.52,7.7,F1.111,F1.103,32,49,48,65,0.062444191,6.244419081
410,F2.261,2067,2,G,6,G6,261,G6_261,18.7,22.9,23.9,30.29,129.6,11/11/2019,11/12/2019,NA,3.624,20,2,33.4,0.113,0.77,42.17,51.47,-13.3,-13.02,1.177483375,-0.141381704,0.019988786,1.13,7.7,F1.111,F1.103,28,58,44,74,0.05012535,5.012535031
411,F2.261,2116,2,H,10,H10,261,H10_261,25,28.4,26.1,19.62,171.2,15/11/2019,open,NA,4.078,49,5,31.2,0.191,0.799,41.96,47.5,-9.34,-9.73,1.147091593,1.007914732,1.015892106,1.91,7.99,F1.111,F1.103,32,NA,48,NA,0.074699414,7.469941412
412,F2.261,2097,2,A,9,A9,261,A9_261,23.5,26.8,25,35.21,143.4,10/11/2019,25/11/2019,NA,3.307,33,2,43.5,0.091,0.778,45.92,51.67,-11.73,-11.26,1.842971862,0.734272723,0.539156432,0.91,7.78,F1.111,F1.103,27,42,43,58,0.048424407,4.842440672
413,F2.261,2012,2,L,1,L1,261,L1_261,11.3,14.3,22.3,24.77,119,19/11/2019,10/12/2019,NA,1.928,7,0,36.4,0.227,0.792,41.27,50.87,-12.42,-11.59,1.389111227,-1.491348947,2.224121681,2.27,7.92,F1.111,F1.103,36,57,52,73,0.054120353,5.412035343
414,F2.261,2054,2,F,5,F5,261,F5_261,16.9,21.5,22.7,25.9,128.8,10/11/2019,28/11/2019,NA,2.539,19,3,45.3,0.273,0.785,40.87,50.92,-8.75,-17.2,1.396137634,-0.469752115,0.220667049,2.73,7.85,F1.111,F1.103,27,45,43,61,0.05531096,5.531096017
415,F2.261,2074,2,B,7,B7,261,B7_261,20.3,24.3,22.3,30.12,179.2,7/11/2019,25/11/2019,NA,3.631,36,2,39.4,0.09,0.795,39.56,47.57,-9.01,-7.55,1.277053112,0.150503105,0.022651185,0.9,7.95,F1.111,F1.103,24,42,40,58,0.061493555,6.149355509
416,F2.261,2087,2,C,8,C8,261,C8_261,21.8,26.2,25.2,28.92,187.6,7/11/2019,25/11/2019,NA,3.838,28,2,39.7,0.233,0.799,39.6,50.57,-9.94,-11.28,1.012051397,0.424145113,0.179899077,2.33,7.99,F1.111,F1.103,24,42,40,58,0.064475125,6.447512549
417,F2.261,2137,2,E,12,E12,261,E12_261,28,30.6,27.1,24.79,137.6,7/11/2019,17/11/2019,NA,1.789,19,1,48.2,0.214,0.781,47.14,53.01,-9.55,-11.69,2.238390563,1.555198749,2.418643148,2.14,7.81,F1.111,F1.103,24,34,40,50,0.059100365,5.910036481
418,F2.261,2129,2,I,11,I11,261,I11_261,27,29.1,26.2,32.21,113,15/11/2019,28/11/2019,NA,2.882,37,1,47.4,0.353,0.772,45.34,51.67,NA,NA,1.889698937,1.372770743,1.884499513,3.53,7.72,F1.111,F1.103,32,45,48,61,0.043279685,4.327968467
419,F2.261,2046,2,J,4,J4,261,J4_261,15.4,19.6,22.9,18.25,118,12/11/2019,28/11/2019,NA,2.312,14,2,40.5,0.163,0.783,37.59,47.02,-11.4,-15.94,1.187673014,-0.743394123,0.552634823,1.63,7.83,F1.111,F1.103,29,45,45,61,0.064362743,6.436274291
420,F2.261,2023,2,K,2,K2,261,K2_261,12.4,16,22.2,24.23,136.2,15/11/2019,open,NA,3.027,11,0,36.6,0.062,0.749,41.09,47.17,-10.16,-9.31,1.75880416,-1.29067814,1.665850062,0.62,7.49,F1.111,F1.103,32,NA,48,NA,0.059535616,5.953561582
